Genus,kingdomGBIF,phylumGBIF,classGBIF,orderGBIF,familyGBIF
Euchorthippus,Animalia,Arthropoda,Insecta,Orthoptera,NA
Alces,Animalia,Chordata,Mammalia,Artiodactyla,Cervidae
Cyanistes,Animalia,Chordata,Aves,Passeriformes,Paridae
Fringilla,Animalia,Chordata,Aves,Passeriformes,Fringillidae
Phylloscopus,Animalia,Chordata,Aves,Passeriformes,Phylloscopidae
Carduelis,Animalia,Chordata,NA,Passeriformes,Fringillidae
Anthus,Animalia,Chordata,Aves,Passeriformes,Motacillidae
Erithacus,Animalia,Chordata,Aves,Passeriformes,Turdidae
Parus,Animalia,Chordata,Aves,Passeriformes,Paridae
Motacilla,Animalia,Chordata,Aves,Passeriformes,Motacillidae
Bombus,Animalia,Arthropoda,Insecta,Hymenoptera,Apidae
Raphicerus,Animalia,Chordata,Mammalia,Artiodactyla,Bovidae
Litocranius,Animalia,Chordata,Mammalia,Pecora,Bovidae
Giraffa,Animalia,Chordata,Mammalia,Artiodactyla,Giraffidae
Canis,Animalia,Chordata,Mammalia,Carnivora,Canidae
Felis,Animalia,Chordata,Mammalia,Carnivora,Felidae
Ichneumia,Animalia,Chordata,Mammalia,Carnivora,Herpestidae
Panthera,Animalia,Chordata,Mammalia,Carnivora,Felidae
Proteles,Animalia,Chordata,Mammalia,Carnivora,Hyaenidae
Crocuta,Animalia,Chordata,Mammalia,Carnivora,Hyaenidae
Hyaena,Animalia,Chordata,Mammalia,Carnivora,Hyaenidae
Lepus,Animalia,Chordata,Mammalia,Lagomorpha,Leporidae
Phacochoerus,Animalia,NA,NA,NA,NA
Gazella,Animalia,Chordata,Mammalia,Artiodactyla,Bovidae
Alcelaphus,Animalia,Chordata,Mammalia,Artiodactyla,Bovidae
Oryx,Animalia,Arthropoda,Insecta,Coleoptera,Curculionidae
Kobus,Animalia,Chordata,Mammalia,Artiodactyla,Bovidae
Equus,Animalia,Chordata,Mammalia,Perissodactyla,Equidae
Syncerus,Animalia,Chordata,Mammalia,Artiodactyla,Bovidae
Sylvicapra,Animalia,Chordata,Mammalia,Artiodactyla,Bovidae
Aepyceros,Animalia,Chordata,Mammalia,Artiodactyla,Bovidae
Tragelaphus,Animalia,Chordata,Mammalia,Artiodactyla,Bovidae
Taurotragus,Animalia,Chordata,Mammalia,Artiodactyla,Bovidae
Papio,NA,NA,NA,NA,Cercopithecidae
Orycteropus,Animalia,Chordata,Mammalia,Tubulidentata,Orycteropodidae
Hystrix,NA,NA,NA,NA,NA
Leptodactylus,Animalia,Chordata,Amphibia,Anura,Leptodactylidae
Rhinella,Animalia,Chordata,Amphibia,Anura,Bufonidae
Elachistocleis,Animalia,Chordata,Anura,Amphibia,Microhylidae
Lysapsus,Animalia,Chordata,Anura,Amphibia,Hylidae
Odontophrynus,Animalia,Chordata,Amphibia,Anura,Cycloramphidae
Physalaemus,Animalia,Chordata,Anura,Amphibia,Leptodactylidae
Pseudopaludicola,Animalia,Chordata,Amphibia,Anura,Leiuperidae
Scinax,Animalia,Chordata,Amphibia,Anura,Hylidae
Kentropyx,Animalia,Chordata,Lepidosauria,Squamata,Teiidae
Mabuya,Animalia,Chordata,Reptilia,Squamata,Scincidae
Ophiodes,Animalia,Chordata,Lepidosauria,Squamata,Diploglossidae
Cercosaura,Animalia,Chordata,Reptilia,Squamata,Gymnophthalmidae
Teius,Animalia,Chordata,Squamata,Reptilia,Teiidae
Tupinambis,Animalia,Chordata,Reptilia,Squamata,Teiidae
Heteronyx,Animalia,Arthropoda,Insecta,Hymenoptera,Pompilidae
Neocarenum,Animalia,Arthropoda,Insecta,Coleoptera,Carabidae
Arthropterus,Animalia,Arthropoda,Insecta,Coleoptera,Carabidae
Isopteron,Animalia,Arthropoda,Insecta,Coleoptera,Tenebrionidae
Microferonia,Animalia,Arthropoda,Insecta,Coleoptera,Carabidae
Cenogmus,Animalia,Arthropoda,Insecta,Coleoptera,Carabidae
Omorgus,NA,NA,NA,NA,NA
Rhytisternus,Animalia,Arthropoda,Insecta,Coleoptera,Carabidae
Cratogaster,Animalia,Arthropoda,Insecta,Coleoptera,Carabidae
Scopodes,NA,NA,NA,NA,NA
Clay-coloured sparrow,Animalia,Chordata,Passeriformes,Aves,Passerellidae
Savannah sparrow,Animalia,Chordata,Aves,Passeriformes,Passerellidae
Vesper sparrow,NA,NA,Aves,Passeriformes,Emberizidae
Western meadowlark,NA,NA,Aves,Passeriformes,Icteridae
Le Conte's sparrow,Animalia,Chordata,Passeriformes,Aves,Passerellidae
Bobolink,NA,NA,NA,NA,NA
Abax,Animalia,Arthropoda,Insecta,Coleoptera,Carabidae
Amara,Animalia,Arthropoda,Insecta,Coleoptera,Carabidae
Anisodactylus,Animalia,Arthropoda,Insecta,Coleoptera,Carabidae
Bembidion,Animalia,Arthropoda,Insecta,Coleoptera,Carabidae
Calathus,Animalia,Arthropoda,Insecta,Coleoptera,Carabidae
Carabus,Animalia,Arthropoda,Hexapoda,Coleoptera,Carabidae
Cychrus,NA,NA,NA,NA,NA
Harpalus,Animalia,Arthropoda,Insecta,Coleoptera,Carabidae
Leistus,NA,NA,NA,NA,NA
Microlestes,Animalia,Arthropoda,Insecta,Coleoptera,Carabidae
Nebrida,Animalia,Arthropoda,Insecta,Lepidoptera,Noctuidae
Pageus,Animalia,Arthropoda,Merostomata,NA,NA
Poecilus,Animalia,Arthropoda,Insecta,Coleoptera,Carabidae
Pseudoophonus,Animalia,Arthropoda,Insecta,Coleoptera,NA
Pterostichus,NA,NA,NA,NA,NA
Oryctolagus,Animalia,Chordata,Mammalia,Lagomorpha,Leporidae
Emys,Animalia,Chordata,Reptilia,Testudines,Emydidae
Lasiopodomys,Animalia,Chordata,Rodentia,Mammalia,Cricetidae
Tympanuchus,Animalia,Chordata,Aves,Galliformes,Phasianidae
Ammodramus,Animalia,Chordata,Aves,Passeriformes,Emberizidae
Dolichonyx,Animalia,Chordata,Aves,Passeriformes,Icteridae
Passerculus,Animalia,Chordata,NA,Passeriformes,Emberizidae
Pooecetes,Animalia,NA,Aves,NA,Passerellidae
Spizella,Animalia,Chordata,Aves,Passeriformes,Passerellidae
Sturnella,Animalia,Chordata,Aves,Passeriformes,Icteridae
Branta,NA,NA,NA,NA,Anatidae
Polyphaga,Animalia,Arthropoda,Insecta,Blattodea,Polyphagidae
Gutierrezia,NA,NA,NA,NA,Compositae
Ammospermophilus,Animalia,Chordata,Rodentia,Mammalia,Sciuridae
Chaetodipus,Animalia,Chordata,Mammalia,Rodentia,Heteromyidae
Dipodomys,Animalia,Chordata,Mammalia,Rodentia,Heteromyidae
Neotoma,Animalia,Chordata,Mammalia,Rodentia,Cricetidae
Peromyscus,NA,NA,NA,NA,Cricetidae
Acroneuria,Animalia,Arthropoda,Insecta,Plecoptera,Perlidae
Agarodes,Animalia,Arthropoda,Insecta,Trichoptera,Sericostomatidae
Allocapnia,Animalia,Arthropoda,Insecta,Plecoptera,Capniidae
Amphinemura,Animalia,Arthropoda,Insecta,Plecoptera,Nemouridae
Anchytarsus,Animalia,Arthropoda,Insecta,Coleoptera,Ptilodactylidae
Baetis,Animalia,Arthropoda,Insecta,Ephemeroptera,Baetidae
Baetisca,Animalia,Arthropoda,Insecta,Ephemeroptera,Baetiscidae
Bittacomorpha,Animalia,Arthropoda,Insecta,Diptera,Ptychopteridae
Blepharicera,Animalia,Arthropoda,Insecta,Diptera,Blephariceridae
Chimarra,Animalia,Arthropoda,Insecta,Trichoptera,Philopotamidae
Chrysops,Animalia,Arthropoda,Insecta,Diptera,Tabanidae
Cordulegaster,Animalia,Arthropoda,Insecta,Odonata,Cordulegastridae
Dicranota,Animalia,Arthropoda,Insecta,Diptera,Pediciidae
Diplectrona,Animalia,Arthropoda,Insecta,Trichoptera,Hydropsychidae
Dixa,NA,NA,NA,NA,NA
Dubiraphia,Animalia,Arthropoda,Insecta,Coleoptera,Elmidae
Ectopria,Animalia,Arthropoda,Insecta,Coleoptera,Psephenidae
Epeorus,Animalia,Arthropoda,Insecta,Ephemeroptera,Heptageniidae
Ephemera,Animalia,Arthropoda,Insecta,Ephemeroptera,Ephemeridae
Ephemerella,Animalia,Arthropoda,Insecta,Ephemeroptera,Ephemerellidae
Eristalis,Animalia,Arthropoda,Insecta,Diptera,Syrphidae
Eurylophella,Animalia,Arthropoda,Insecta,Ephemeroptera,Ephemerellidae
Fattigia,Animalia,Arthropoda,Insecta,Trichoptera,Sericostomatidae
Gammarus,NA,NA,NA,NA,NA
Glossosoma,Animalia,Arthropoda,Insecta,Trichoptera,Glossosomatidae
Goera,Animalia,Arthropoda,Insecta,Trichoptera,Goeridae
Gomphus,Fungi,Basidiomycota,Agaricomycetes,Gomphales,Gomphaceae
Habrophlebia,Animalia,Arthropoda,Insecta,Ephemeroptera,Leptophlebiidae
Helichus,Animalia,Arthropoda,Insecta,Coleoptera,Dryopidae
Hemerodromia,Animalia,Arthropoda,Insecta,Diptera,Empididae
Hexatoma,Animalia,Arthropoda,Insecta,Diptera,Limoniidae
Hydropsyche,Animalia,Arthropoda,Insecta,Trichoptera,Hydropsychidae
Isoperla,Animalia,Arthropoda,Insecta,Plecoptera,Perlodidae
Lanthus,Animalia,Arthropoda,Insecta,Odonata,Gomphidae
Lepidostoma,Plantae,Tracheophyta,Magnoliopsida,Gentianales,Rubiaceae
Leuctra,NA,NA,NA,NA,NA
Limnophora,NA,NA,NA,NA,NA
Lype,Animalia,Arthropoda,Insecta,Trichoptera,Psychomyiidae
Molophilus,Animalia,Arthropoda,Insecta,Diptera,Limoniidae
Neophylax,Animalia,Arthropoda,Insecta,Trichoptera,Uenoidae
Nigronia,Animalia,Arthropoda,Insecta,Megaloptera,Corydalidae
Oecetis,NA,NA,NA,NA,NA
Oligostomis,Animalia,Arthropoda,Insecta,Trichoptera,Phryganeidae
Optioservus,NA,NA,NA,NA,NA
Oreogeton,NA,NA,NA,Diptera,NA
Ormosia,Viridiplantae,Streptophyta,Magnoliopsida,Fabales,Fabaceae
Oulimnius,Animalia,Arthropoda,Insecta,Coleoptera,Elmidae
Paraleptophlebia,Animalia,Arthropoda,Insecta,Ephemeroptera,Leptophlebiidae
Pedicia,Animalia,Arthropoda,Insecta,Diptera,Pediciidae
Pericoma,Animalia,Arthropoda,NA,Diptera,Psychodidae
Pilaria,Animalia,Arthropoda,Insecta,Diptera,Limoniidae
Polycentropus,Animalia,Arthropoda,Insecta,Trichoptera,Polycentropodidae
Promoresia,Animalia,Arthropoda,Insecta,Coleoptera,Elmidae
Prosimulium,Animalia,Arthropoda,Insecta,Diptera,Simuliidae
Psephenus,Animalia,Arthropoda,Insecta,Coleoptera,Psephenidae
Pseudolimnophila,Animalia,Arthropoda,Insecta,Diptera,Limoniidae
Psilotreta,Animalia,Arthropoda,Insecta,Trichoptera,Odontoceridae
Psychoda,Animalia,Arthropoda,Insecta,Diptera,Psychodidae
Ptilostomis,Animalia,Arthropoda,Insecta,Trichoptera,Phryganeidae
Pycnopsyche,NA,NA,NA,NA,NA
Remenus,Animalia,Arthropoda,Insecta,Plecoptera,Perlodidae
Rhabdomastix,Animalia,Arthropoda,NA,Diptera,Limoniidae
Rhyacophila,Animalia,Arthropoda,Insecta,Trichoptera,Rhyacophilidae
Serratella,Animalia,Arthropoda,Insecta,Ephemeroptera,Ephemerellidae
Setodes,Animalia,Arthropoda,Insecta,Trichoptera,Leptoceridae
Simulium,Animalia,Arthropoda,Insecta,Diptera,Simuliidae
Stenelmis,Animalia,Arthropoda,Insecta,Coleoptera,Elmidae
Stenonema,Animalia,Arthropoda,Insecta,Ephemeroptera,Heptageniidae
Stylogomphus,Animalia,Arthropoda,Insecta,Odonata,Gomphidae
Suwallia,NA,NA,NA,NA,Chloroperlidae
Sweltsa,Animalia,Arthropoda,Insecta,Plecoptera,Chloroperlidae
Taeniopteryx,Animalia,Arthropoda,Insecta,Plecoptera,Taeniopterygidae
Tallaperla,Animalia,Arthropoda,Insecta,Plecoptera,Peltoperlidae
Tipula,NA,NA,NA,NA,NA
Tropisternus,Animalia,Arthropoda,Insecta,Coleoptera,Hydrophilidae
Wormaldia,Animalia,Arthropoda,Insecta,Trichoptera,Philopotamidae
Yugus,Animalia,Arthropoda,Insecta,Plecoptera,Perlodidae
Corbicula,Animalia,Mollusca,Bivalvia,Veneroida,Cyrenidae
Coleptera,Animalia,Arthropoda,Insecta,Coleptera,NA
Homoptera,Animalia,Arthropoda,Insecta,Hemiptera,NA
Allodontermes,Animalia,Arthropoda,Insecta,Blattodea,Termitidae
Macrotermes,Animalia,Arthropoda,Insecta,Blattodea,Termitidae
Microtermes,Animalia,Arthropoda,Insecta,Blattodea,Termitidae
Odontotermes,Animalia,Arthropoda,Insecta,Blattodea,Termitidae
Trinervitermes,Animalia,Arthropoda,Insecta,Blattodea,Termitidae
Ground squirrel,Pararnavirae,Artverviricota,Revtraviricetes,Blubervirales,Hepadnaviridae
Badger,Animalia,Chordata,Mammalia,Artiodactyla,Bovidae
Helicotylenchus,Animalia,Nematoda,Secernentea,Tylenchida,Hoplolaimidae
Hirschmanniella,Animalia,Nematoda,Chromadorea,Rhabditida,Pratylenchidae
Rotylenchus,Animalia,Nematoda,Secernentea,Tylenchida,Hoplolaimidae
Tylenchorhynchus,Animalia,Nematoda,Secernentea,Tylenchida,Telotylenchidae
Tylenchus,Animalia,Nematoda,Secernentea,Tylenchida,Tylenchidae
Aphelenchoides,Animalia,Nematoda,Chromadorea,Rhabditida,Aphelenchoididae
Aphelenchus,Animalia,Nemata,NA,NA,NA
Ditylenchus,Animalia,Nematoda,Secernentea,Tylenchida,Anguinidae
Dorylaimoides,Animalia,Nematoda,Adenophorea,Dorylaimida,Mydonomidae
Filenchus,Animalia,Nematoda,Secernentea,Tylenchida,Tylenchidae
Leptonchus,Animalia,Nematoda,Adenophorea,Dorylaimida,Leptonchidae
Acrobeles,Animalia,Nematoda,Chromadorea,Rhabditida,Cephalobidae
Acrobeloides,Animalia,Nemata,NA,NA,NA
Anaplectus,Animalia,Nematoda,Chromadorea,Araeolaimida,Plectidae
Cephalobus,Animalia,Nematoda,Secernentea,Rhabditida,Cephalobidae
Chiloplacus,Animalia,Nematoda,Chromadorea,Rhabditida,Cephalobidae
Cylindrolaimus,Animalia,Nematoda,Adenophorea,Araeolaimida,Diplopeltidae
Monhystera,Animalia,Nematoda,Adenophorea,Monhysterida,Monhysteridae
Plectus,Animalia,Nematoda,Chromadorea,Plectida,Plectidae
Prismatolaimus,Animalia,Nematoda,Enoplea,Triplonchida,Prismatolaimidae
Protorhabditis,Animalia,Nematoda,Secernentea,Rhabditida,Rhabditidae
Rhabdolaimus,Animalia,Nematoda,Enoplea,Enoplida,Rhabdolaimidae
Teratocephalus,Animalia,Nemata,NA,NA,NA
Tylocephalus,Animalia,Nematoda,Chromadorea,Plectida,Plectidae
Clarkus,Animalia,Nematoda,Adenophorea,Mononchida,NA
Coomansus,Animalia,Nematoda,Adenophorea,Mononchida,Mononchidae
Iotonchus,Animalia,Nematoda,Dorylaimea,Dorylaimida,Iotonchusidae
Seinura,Animalia,Nematoda,Secernentea,Aphelenchida,Seinuridae
Tobrilidae,Animalia,Nematoda,Enoplea,Triplonchida,Tobrilidae
Tripyla,Animalia,Nematoda,Enoplea,Trichinellida,Tripylidae
Allodorylaimus,Animalia,Nematoda,Enoplea,Dorylaimida,Qudsianematidae
Aporcelaimus,Animalia,Nematoda,Adenophorea,Dorylaimida,Dorylaimidae
Enchodelus,NA,NA,NA,NA,NA
Epidorylaimus,Animalia,Nematoda,Adenophorea,Dorylaimida,Qudsianematidae
Eudorylaimus,Animalia,Nematoda,Adenophorea,Dorylaimida,Dorylaimidae
Labronema,Animalia,Nematoda,Dorylaimea,Dorylaimida,Dorylaimidae
Mesodorylaimus,Animalia,Nematoda,Adenophorea,Dorylaimida,Dorylaimidae
Quail,Orthornavirae,Pisuviricota,Pisoniviricetes,Nidovirales,Coronaviridae
Lapwing,Orthornavirae,Negarnaviricota,Insthoviricetes,Articulavirales,Orthomyxoviridae
Oystercatcher,Orthornavirae,Pisuviricota,Pisoniviricetes,Nidovirales,Coronaviridae
Redshank,Orthornavirae,Negarnaviricota,Insthoviricetes,Articulavirales,Orthomyxoviridae
Curlew,Orthornavirae,Negarnaviricota,Insthoviricetes,Articulavirales,Orthomyxoviridae
Folsomia,Animalia,Arthropoda,Entognatha,Collembola,Isotomidae
Isotoma ,Animalia,Arthropoda,Entognatha,Collembola,Isotomidae
Mesaphorura,Animalia,Arthropoda,Collembola,Poduromorpha,Neanuridae
Araneidae,NA,NA,NA,NA,NA
Aethomys,Animalia,Chordata,Rodentia,Mammalia,Muridae
Gerbillurus,Animalia,Chordata,Mammalia,Rodentia,Muridae
Macroscelides,NA,NA,Mammalia,Macroscelidea,Macroscelididae
Otomys,Animalia,Chordata,Rodentia,Mammalia,Muridae
Rhabdomys,Animalia,Chordata,Mammalia,Rodentia,Muridae
Suncus,Animalia,Chordata,Mammalia,Insectivora,Soricidae
Argiope,NA,NA,NA,NA,Araneidae
Dicty ,NA,NA,NA,NA,NA
Evarcha ,Animalia,Arthropoda,Arachnida,NA,NA
Heliophanus ,Animalia,Arthropoda,Arachnida,Araneae,Salticidae
Mangora,Animalia,Arthropoda,Arachnida,Araneae,Araneidae
Oxyopes ,Animalia,Arthropoda,Arachnida,Araneae,Oxyopidae
Philaeus ,Animalia,Arthropoda,Arachnida,Araneae,Salticidae
Theridion,NA,NA,NA,NA,NA
Thomisus ,Animalia,Arthropoda,Arachnida,Araneae,Thomisidae
Tibellus ,NA,NA,NA,NA,NA
Xysticus,NA,NA,NA,NA,NA
leaf-beetles,Animalia,Arthropoda,Insecta,Coleoptera,Chrysomelidae
weevils,Animalia,Arthropoda,Insecta,Coleoptera,Curculionidae
leafhoppers,NA,NA,NA,NA,NA
true bug,NA,NA,NA,NA,NA
Orthopterans,NA,NA,NA,NA,NA
bees,Plantae,Tracheophyta,Magnoliopsida,Ericales,Primulaceae
spider,NA,NA,NA,NA,NA
carabid,Animalia,Arthropoda,Insecta,Coleoptera,Carabidae
Encoptolophus,Animalia,Arthropoda,Insecta,Orthoptera,Acrididae
Melanoplus,Animalia,Arthropoda,Insecta,Orthoptera,Baissogryllidae
Opeia,Animalia,Arthropoda,Insecta,Orthoptera,Acrididae
Adenophora,Plantae,NA,NA,NA,Campanulaceae
Allium,Plantae,Magnoliophyta,Liliopsida,Asparagales,Amaryllidaceae
Amaranthaceae,Plantae,Tracheophyta,Magnoliopsida,Caryophyllales,Amaranthaceae
Asparagus,Plantae,Tracheophyta,Magnoliopsida,Asparagales,Asparagaceae
Astragalus,Plantae,Spermatophyta,Magnoliopsida,Rosales,Leguminosae
Bupleurum,Plantae,NA,NA,Apiales,Apiaceae
Caraga,Animalia,Arthropoda,Insecta,Coleoptera,Cerambycidae
Clematis,Plantae,Tracheophyta,Spermatophyta,Ranunculales,Ranunculaceae
Convolvulus,Plantae,Angiospermae,Dicotyledoneae,Tubiflorae,Convolvulaceae
Cymbaria,Plantae,Angiospermae,Dicotyledoneae,Tubiflorae,Scrophulariaceae
Ephedra,Plantae,NA,NA,NA,NA
Euphorbia,Viridiplantae,Streptophyta,Magnoliopsida,Malpighiales,Euphorbiaceae
Filifolium,Plantae,NA,NA,Asterales,Asteraceae
Galium,Plantae,Tracheophyta,Magnoliopsida,Gentianales,Rubiaceae
Geranium,NA,NA,NA,NA,Geraniaceae
Gypsophylla,NA,NA,Magnoliopsida,Caryophyllales,Caryophyllaceae
Haplophyllum,Plantae,Tracheophyta,Magnoliopsida,Sapindales,Rutaceae
Heteropappus,Plantae,Angiospermae,Dicotyledoneae,Campanulales,Asteraceae
Ixeris,Plantae,Tracheophyta,Magnoliopsida,Asterales,Asteraceae
Leontopodium,NA,NA,Magnoliopsida,Asterales,Asteraceae
Lithospermum,Plantae,Tracheophyta,Magnoliopsida,Boraginales,Boraginaceae
Medicago,Plantae,Magnoliophyta,Magnoliopsida,Fabales,Fabaceae
Myosotis,Plantae,Magnoliopsida,Magnoliopsida,Boraginales,Boraginaceae
Oxytropis,Viridiplantae,Streptophyta,Magnoliopsida,Fabales,Fabaceae
Polygonum,Animalia,Arthropoda,Insecta,Lepidoptera,Hesperiidae
Potentilla,Plantae,NA,NA,Rosales,Rosaceae
Ptilotrichum,Plantae,NA,NA,NA,Brassicaceae
Saussurea,Viridiplantae,Streptophyta,Magnoliopsida,Asterales,Asteraceae
Scabiosa,Plantae,Magnoliophyta,Magnoliopsida,Dipsacales,Dipsacaceae
Schizonepeta,Plantae,Tracheophyta,Magnoliopsida,Lamiales,Lamiaceae
Sedum,Plantae,Tracheophyta,Spermatopsida,Saxifragales,Crassulaceae
Serratula,Plantae,Tracheophyta,Magnoliopsida,Asterales,Compositae
Stellaria,Plantae,NA,NA,NA,Caryophillaceae
Thymus,Plantae,NA,NA,NA,Lamiaceae
Vicia,Plantae,Magnoliophyta,Magnoliopsida,Fabales,Fabaceae
Youngia,Plantae,NA,NA,Asterales,Asteraceae
Apis,Animalia,Arthropoda,Insecta,Hymenoptera,Apidae
Spiza,Animalia,Chordata,Aves,Passeriformes,Fringillidae
Agelaius,Animalia,Chordata,Aves,Passeriformes,Icteridae
Ammospiza,Animalia,Chordata,Aves,Passeriformes,Passerellidae
Bartramia,Animalia,Chordata,Aves,Charadriiformes,Scolopacidae
Calcarius,Animalia,Chordata,Passeriformes,Aves,Calcariidae
Catoptrophorus,Animalia,Chordata,Aves,Charadriiformes,Scolopacidae
Athene,Animalia,Chordata,Aves,Strigiformes,Strigidae
Buteo,Animalia,Chordata,Aves,Accipitriformes,Accipitridae
Calamospiza,Animalia,Chordata,Aves,Passeriformes,Passerellidae
Charadrius,Animalia,Chordata,Charadriiformes,Aves,Charadriidae
Chordeiles,Animalia,Chordata,Aves,Strigiformes,Caprimulgidae
Circus,Animalia,Chordata,Aves,Accipitriformes,Accipitridae
Eremophila,Plantae,Tracheophyta,Magnoliopsida,NA,NA
Limosa,Animalia,Chordata,Aves,Charadriiformes,Scolopacidae
Molothrus,Animalia,Chordata,Aves,Passeriformes,Icteridae
Numenius,Animalia,Chordata,Aves,Charadriiformes,Scolopacidae
Acrida ,Animalia,Arthropoda,Insecta,Orthoptera,Baissogryllidae
Aiolopus,Animalia,Arthropoda,Insecta,Orthoptera,Acrididae
Chorthippus,Animalia,Arthropoda,Insecta,Orthoptera,Acrididae
Chortippus ,Animalia,Arthropoda,Insecta,Orthoptera,Acrididae
Dociostaurus,Animalia,Arthropoda,Insecta,Orthoptera,Acrididae
Omocestus,Animalia,Arthropoda,Insecta,Orthoptera,Acrididae
Stenobothrus ,Animalia,Arthropoda,Insecta,Orthoptera,Baissogryllidae
Pogonomyrmex,Animalia,Arthropoda,Insecta,Hymenoptera,Formicidae
Corvus,Animalia,Chordata,Aves,Passeriformes,Corvidae
Paspalum,Viridiplantae,Streptophyta,Magnoliopsida,Poales,Poaceae
Alauda,NA,NA,Aves,Passeriformes,Alaudidae
Miliaria,Animalia,Chordata,Aves,Passeriformes,Emberizidae
Passer,Animalia,NA,NA,NA,NA
Perdix,Animalia,Chordata,Aves,Galliformes,Phasianidae
Anas,Animalia,Chordata,Aves,Anseriformes,Anatidae
Columba,Animalia,Chordata,Aves,Columbiformes,Columbidae
Coturnix,Animalia,Aves,NA,Galliformes,Phasianidae
Emberiza,Animalia,Chordata,Aves,Passeriformes,Emberizidae
Phasianus,Animalia,Chordata,Aves,Galliformes,Phasianidae
Pica,Animalia,Chordata,Aves,Passeriformes,Corvidae
Acrocephalus,Animalia,Chordata,Aves,Passeriformes,Acrocephalidae
Burhinus,Animalia,Chordata,Aves,Charadriiformes,Burhinidae
Coracias,Animalia,Chordata,Aves,Coraciiformes,Coraciidae
Falco,Animalia,Chordata,Aves,Falconiformes,Falconidae
Lanius,Animalia,Chordata,Aves,Passeriformes,Laniidae
Locustella,Animalia,Chordata,NA,Passeriformes,Locustellidae
Merops,Animalia,Chordata,Aves,Coraciiformes,Meropidae
Philomachus,Animalia,Chordata,Aves,Charadriiformes,Scolopacidae
Saxicola,Animalia,Chordata,Aves,Passeriformes,Muscicapidae
shrike,Orthornavirae,Negarnaviricota,Insthoviricetes,Articulavirales,Orthomyxoviridae
Sturnus,Animalia,Chordata,Aves,Passeriformes,Sturnidae
Tringa,Animalia,Chordata,Aves,Charadriiformes,Scolopacidae
Vanellus,Animalia,Chordata,Aves,Charadriiformes,Charadriidae
Eleodes,Animalia,Arthropoda,Insecta,Coleoptera,Tenebrionidae
Tiliqua,Animalia,Chordata,Reptilia,Squamata,Scincidae
Acaulospora,Fungi,Glomeromycota,Glomeromycetes,Diversisporales,Acaulosporaceae
Gigaspora,Fungi,Glomeromycota,Glomeromycetes,Diversisporales,Gigasporaceae
Glomus,Fungi,Glomeromycota,Glomeromycetes,Glomerales,Glomeraceae
Scutellospora,Fungi,Mucoromycota,Glomeromycetes,Diversisporales,Gigasporaceae
Mus,Animalia,Chordata,Mammalia,NA,NA
Sminthopsis,Animalia,Chordata,Mammalia,Dasyuromorphia,Dasyuridae
Pseudomys,Animalia,Chordata,Mammalia,Rodentia,Muridae
Tympanocryptis,Animalia,Chordata,Reptilia,Squamata,Agamidae
Diplodactylus,Animalia,Chordata,Squamata,Reptilia,Diplodactylidae
Eremiascincus,Animalia,Chordata,Reptilia,Squamata,Scincidae
Lucasium,Animalia,Chordata,Lepidosauria,Squamata,Diplodactylidae
Rhynchoedura,Animalia,Chordata,Lepidosauria,Squamata,Diplodactylidae
Ctenophorus,Animalia,Chordata,Squamata,Reptilia,Agamidae
Ctenotus,Animalia,Chordata,Reptilia,Squamata,Scincidae
Lerista,Animalia,Chordata,Squamata,Reptilia,Scincidae
Nephrurus,Animalia,Chordata,Lepidosauria,Squamata,Carphodactylidae
Pogo,Plantae,Angiospermae,Dicotyledoneae,Urticales,Moraceae
Ocnogyna,Animalia,Arthropoda,Insecta,Lepidoptera,Erebidae
Bubalornis,Animalia,Chordata,NA,Passeriformes,Ploceidae
Eremopterix,Animalia,Chordata,Aves,Passeriformes,Alaudidae
Euodice,Animalia,Chordata,Aves,Passeriformes,Estrildidae
Gymnoris,Animalia,Chordata,Aves,Passeriformes,Passeridae
Lamprotornis,Animalia,Chordata,Aves,Passeriformes,Sturnidae
Oe,Animalia,Arthropoda,Insecta,Hymenoptera,Formicidae
Ploceus,Animalia,Chordata,Aves,Passeriformes,Ploceidae
Pternistis,Animalia,Chordata,Aves,Galliformes,Phasianidae
Pytilia,Animal,NA,NA,NA,Estrildidae
Spilopelia,Animalia,Chordata,Columbiformes,Aves,Columbidae
Sporopipes,Animalia,Chordata,Aves,Passeriformes,Ploceidae
Streptopelia,Animalia,Chordata,Aves,NA,Columbidae
Uraeginthus,Animalia,Chordata,Aves,Passeriformes,Estrildidae
Urocolius,Animalia,Chordata,Aves,Coliiformes,Coliidae
Anthoscopus,Animalia,Chordata,Aves,Passeriformes,Remizidae
Camaroptera,Animalia,NA,Aves,Passeriformes,Cisticolidae
Cercotrichas,Animalia,Chordata,Aves,Passeriformes,Muscicapidae
Eremomela,Animalia,Chordata,Aves,Passeriformes,Cisticolidae
Lophotis,Animal,NA,NA,NA,Otidae
Lybius,NA,NA,Aves,Piciformes,Capitonidae
Mirafra,Animalia,Chordata,Aves,Passeriformes,Alaudidae
Prinia,Animalia,Chordata,Aves,Passeriformes,Cisticolidae
Pycnonotus,Animalia,Chordata,Aves,Passeriformes,Pycnonotidae
Spiloptila,Animalia,Chordata,Aves,Passeriformes,Cisticolidae
Sylvia,Animalia,Chordata,Aves,Passeriformes,Sylviidae
Tchagra,Animalia,NA,Aves,NA,Malaconotidae
Tockus,Animalia,Chordata,Aves,Bucerotiformes,Bucerotidae
Upupa,Animalia,Chordata,Aves,Bucerotiformes,Upupidae
Acacia,Plantae,Tracheophyta,NA,Fabales,Fabaceae
Adansonia,Plantae,NA,Magnoliopsida,Malvales,Bombacaceae
all woody species,Animalia,Arthropoda,Insecta,Hymenoptera,Argidae
Balanites,Plantae,Tracheophyta,Spermatopsida,Zygophyllales,Zygophyllaceae
Boscia,NA,NA,NA,NA,NA
Calotropis,Plantae,Magnoliophyta,Magnoliopsida,Gentianales,Asclepiadaceae
Combretum,Plantae,Tracheophyta,Magnoliopsida,Myrtales,Combretaceae
Commiphora,Plantae,Tracheophyta,Magnoliopsida,Sapindales,Burseraceae
Feretia,Viridiplantae,Streptophyta,Magnoliopsida,Gentianales,Rubiaceae
Grewia,NA,NA,NA,NA,NA
preferred species,NA,NA,NA,NA,Calliphoridae
Sclerocarya,NA,NA,NA,NA,NA
Ziziphus,NA,NA,NA,NA,NA
Acrostiba,Animalia,Arthropoda,Insecta,Coleoptera,Staphylinidae
Acrotrichis,NA,NA,NA,NA,NA
Atheta,Animalia,Arthropoda,Insecta,Coleoptera,Staphylinidae
Catops,Animalia,Arthropoda,Insecta,Coleoptera,Leiodidae
Choleva,Animalia,Arthropoda,Insecta,Coleoptera,Leiodidae
Cyphon,Animalia,Arthropoda,Insecta,Coleoptera,Scirtidae
Geotrupes,Animalia,Arthropoda,Insecta,Coleoptera,Geotrupidae
Megasternum,Animalia,Arthropoda,Insecta,Coleoptera,Hydrophilidae
Notiophilus,Animalia,Arthropoda,Insecta,Coleoptera,Carabidae
Othius,Animalia,Arthropoda,Insecta,Coleoptera,Staphylinidae
Rhyncolus,Animalia,Arthropoda,Insecta,Coleoptera,Curculionidae
Sciodrepoides,Animalia,Arthropoda,Insecta,Coleoptera,Leiodidae
Agathidium,Animalia,Arthropoda,Insecta,Coleoptera,Leiodidae
Aridius,Animalia,Arthropoda,Insecta,Coleoptera,Latridiidae
Atomaria,Animalia,Arthropoda,Insecta,Diptera,Diptera (awaiting allocation)
Cercyon,Animalia,Arthropoda,Insecta,Coleoptera,Hydrophilidae
Cis,Animalia,Arthropoda,Insecta,Coleoptera,Ciidae
Cryptophagus,Animalia,Arthropoda,Insecta,Coleoptera,Cryptophagidae
Otiorhynchus,NA,NA,NA,NA,NA
Potosia,Plantae,Tracheophyta,Liliopsida,Asparagales,Orchidaceae
Proteinus,Animalia,Arthropoda,Insecta,Coleoptera,Staphylinidae
Selatosomus,Animalia,Arthropoda,Insecta,Coleoptera,Elateridae
Sphaerosoma,Animalia,Arthropoda,Insecta,Coleoptera,Alexiidae
Strophosoma,Animalia,Arthropoda,Insecta,Coleoptera,Curculionidae
Syntomium,Animalia,Arthropoda,Insecta,Coleoptera,Staphylinidae
Tomicus,Animalia,Arthropoda,Insecta,Coleoptera,Curculionidae
Absidia,Fungi,Zygomycota,Zygomycetes,Mucorales,Mucoraceae
Amischa,Animalia,Arthropoda,Insecta,Coleoptera,Staphylinidae
Aphodius,Animalia,Arthropoda,Insecta,Coleoptera,Scarabaeidae
Athous,Animalia,Arthropoda,Insecta,Coleoptera,Elateridae
Dalopius,Animalia,Arthropoda,Insecta,Coleoptera,Elateridae
Dictyoptera,Animalia,Arthropoda,Insecta,Dictyoptera,NA
Epuraea,NA,NA,NA,NA,NA
Hylastes,Animalia,Arthropoda,Insecta,Coleoptera,Scolytidae
Hylobius,Animalia,Arthropoda,Insecta,Coleoptera,Curculionidae
Hylurgops,Animalia,Arthropoda,Insecta,Coleoptera,Curculionidae
Malthodes,Animalia,Arthropoda,Insecta,Coleoptera,Cantharidae
Nebria,Animalia,Arthropoda,Insecta,Coleoptera,Carabidae
Oxypoda,NA,NA,NA,NA,NA
Patrobus,NA,NA,NA,NA,NA
Polydrusus,Animalia,Arthropoda,Insecta,Coleoptera,Curculionidae
Rhizophagus,Animalia,Arthropoda,Insecta,Coleoptera,NA
Acae,NA,NA,NA,NA,NA
Acidota,Animalia,Arthropoda,Insecta,Coleoptera,Staphylinidae
Agonum,Animalia,Arthropoda,Insecta,Coleoptera,Carabidae
Aleochara,Animalia,Arthropoda,Insecta,Coleoptera,Staphylinidae
Anthobium,Animalia,Arthropoda,Insecta,Coleoptera,Staphylinidae
Autalia,Animalia,Arthropoda,Insecta,Coleoptera,Staphylinidae
Bisnius,Animalia,Arthropoda,Insecta,Coleoptera,Staphylinidae
Bolitobius,Animalia,Arthropoda,Insecta,Coleoptera,Staphylinidae
Calodromius,Animalia,Arthropoda,Insecta,Coleoptera,Carabidae
Cerylon,Animalia,Arthropoda,Insecta,Coleoptera,Carabidae
Dicheirotrichus,NA,NA,NA,NA,NA
Dromius,Animalia,Arthropoda,Insecta,Coleoptera,Carabidae
Drusilla,Animalia,Arthropoda,Insecta,Coleoptera,Staphylinidae
Geostiba,Animalia,Arthropoda,Insecta,Coleoptera,Staphylinidae
Ischnosoma,Animalia,Arthropoda,Insecta,Coleoptera,Staphylinidae
Lathrobium,Animalia,Arthropoda,Insecta,Coleoptera,Staphylinidae
Leptusa,NA,NA,NA,NA,NA
Lesteva,Animalia,Arthropoda,Insecta,Coleoptera,Staphylinidae
Liogluta,Animalia,Arthropoda,Insecta,Coleoptera,Staphylinidae
Lordithon,Animalia,Arthropoda,Insecta,Coleoptera,Staphylinidae
Loricera,Animalia,Arthropoda,Insecta,Coleoptera,Carabidae
Megarthrus,Animalia,Arthropoda,Insecta,Coleoptera,Staphylinidae
Mycetoporus,Animalia,Arthropoda,Insecta,Coleoptera,Staphylinidae
Myrmetes,Animalia,Arthropoda,Insecta,Coleoptera,Histeridae
Nicrophorus,Animalia,Arthropoda,Insecta,Coleoptera,Silphidae
Ocalea,NA,NA,NA,NA,NA
Olophrum,Animalia,Arthropoda,Insecta,Coleoptera,Staphylinidae
Omalium,Animalia,Arthropoda,Insecta,Coleoptera,Staphylinidae
Omosita,NA,NA,NA,NA,NA
Oxytelus,NA,NA,NA,NA,NA
Philonthus,NA,NA,NA,NA,NA
Phosphuga,Animalia,Arthropoda,Insecta,Coleoptera,Silphidae
Podabrus,Animalia,Arthropoda,Insecta,Coleoptera,Cantharidae
Quedius,Animalia,Arthropoda,Insecta,Coleoptera,Staphylinidae
Sphaeriestes,Animalia,Arthropoda,Insecta,Coleoptera,Salpingidae
Staphylinus,NA,NA,NA,NA,NA
Stenichnus,Animalia,Arthropoda,Insecta,Coleoptera,Staphylinidae
Stenus,NA,NA,NA,NA,NA
Tachinus,Animalia,Arthropoda,Insecta,Coleoptera,Staphylinidae
Trechus,NA,NA,NA,NA,NA
Xantholinus,NA,NA,NA,NA,NA
Zyras,Animalia,Arthropoda,Insecta,Coleoptera,Staphylinidae
Dipus,Animalia,Chordata,Mammalia,Rodentia,Dipodidae
shrew,Orthornavirae,Pisuviricota,Stelpaviricetes,Stellavirales,Astroviridae
Myodes,Animalia,Chordata,Mammalia,Rodentia,Cricetidae
Vaccinium,Plantae,Magnoliophyta,Magnoliopsida,Ericales,Ericaceae
Adoncholaimus,Animalia,Nematoda,Enoplea,Enoplida,Enoplidae
Anoplostoma,Animalia,Nematoda,Enoplea,Enoplida,Anoplostomatidae
Camacolaimus,Animalia,Nematoda,Adenophorea,Araeolaimida,Leptolaimidae
Chronogaster,Animalia,Nematoda,Adenophorea,Araeolaimida,Leptolaimidae
Chrysonema,Animalia,Arthropoda,Insecta,Lepidoptera,Oecophoridae
Criconemoides,Animalia,Nematoda,Chromadorea,Rhabditida,Criconematidae
Daptonema,Animalia,Nemata,NA,NA,NA
Dichromadora,Animalia,Nematoda,Chromadorea,Chromadorida,Chromadoridae
Diplolaimella,Animalia,Nematoda,Chromadorea,Monhysterida,Monhysteridae
Diplolaimelloides,Animalia,Nematoda,Chromadorea,Monhysterida,Monhysteridae
Disconema,Animalia,Nematoda,Chromadorea,Monhysterida,Linhomoeidae
Dolichodorus,Animalia,Nematoda,Chromadorea,Tylenchida,Heteroderidae
Dorylaimus,NA,NA,NA,NA,NA
Eucephalobus,Animalia,Nematoda,Chromadorea,Rhabditida,Cephalobidae
Halalaimus,Animalia,Nematoda,Enoplea,Enoplida,Oxystominidae
Metalinhomoeus,Animalia,Nematoda,Adenophorea,Monhysterida,Linhomoeidae
Nygolaimus,Animalia,Nematoda,Enoplea,Dorylaimida,Nygolaimidae
Oncholaimus,Animalia,Nematoda,Enoplea,Enoplida,Oncholaimidae
Panagrolaimus,Animalia,Nematoda,Chromadorea,Rhabditida,Panagrolaimidae
Parodontophora,Animalia,Nematoda,Adenophorea,Araeolaimida,Axonolaimidae
Polysigma,Animalia,Nematoda,Chromadorea,Desmodorida,Desmodoridae
Sphaerolaimus,Animalia,Nematoda,Chromadorea,Monhysterida,Sphaerolaimidae
Terschellingia,Animalia,Nematoda,Chromadorea,Monhysterida,Linhomoeidae
Tetylenchus,Animalia,Nematoda,Chromadorea,Tylenchida,Tylenchidae
Theristus,Animalia,Nematoda,Adenophorea,Monhysterida,Xyalidae
Tripyloides,Animalia,Nematoda,Enoplea,Enoplida,Tripyloididae
amanita,Fungi,Basidiomycota,Agaricomycetes,Agaricales,Amanitaceae
cortinarius,Fungi,Basidiomycota,Agaricomycetes,Agaricales,Cortinariaceae
inocybe,Fungi,Basidiomycota,Agaricomycetes,Agaricales,Inocybaceae
piloderma,Fungi,Basidiomycota,Agaricomycetes,Atheliales,Atheliaceae
pseudotomentella,Fungi,Basidiomycota,Agaricomycetes,Thelephorales,Thelephoraceae
suillis-rhizopogon,Fungi,Ascomycota,Sordariomycetes,Hypocreales,Bionectriaceae
unknown,NA,NA,NA,NA,NA
acetosa,Viridiplantae,Streptophyta,Magnoliopsida,Caryophyllales,Polygonaceae
lanatus,NA,NA,NA,NA,NA
rubra,Animalia,Arthropoda,Collembola,NA,Entomobryidae
stolonifera,Animalia,Cnidaria,Anthozoa,Alcyonacea,NA
uniflora,Plantae,NA,NA,NA,Asteraceae
erecta,NA,Chordata,Mammalia,Erecta,NA
Microtus,Animalia,Chordata,Mammalia,Rodentia,Cricetidae
Solenopsis,NA,NA,NA,NA,NA
Centrocercus,Animalia,Chordata,Aves,Galliformes,Phasianidae
Spermophilus,NA,NA,NA,NA,NA
Dactylotum,Animalia,Arthropoda,Insecta,Orthoptera,Acrididae
Lagomorph,Shotokuvirae,Cossaviricota,Quintoviricetes,Piccovirales,Parvoviridae
Phrynosoma,Animalia,Chordata,Reptilia,Squamata,Phrynosomatidae
Baiomys,Animalia,Chordata,Rodentia,Mammalia,Cricetidae
Onychomys,Animalia,Chordata,Mammalia,Rodentia,Cricetidae
Perognathus,Animalia,Chordata,Mammalia,Rodentia,Heteromyidae
Reithrodontomys,Animalia,Chordata,Mammalia,Rodentia,Cricetidae
Sigmodon,Animalia,Chordata,Mammalia,Rodentia,Cricetidae
Anthomyiidae,Animalia,Arthropoda,Insecta,Diptera,Anthomyiidae
Empididae,Animalia,Arthropoda,Insecta,Diptera,Empididae
Ephydridae,NA,NA,NA,NA,NA
Chloropidae,Animalia,Arthropoda,Insecta,Diptera,Chloropidae
Cicadellidae,NA,NA,NA,NA,NA
Delphacidae,Animalia,Arthropoda,Insecta,Hemiptera,Delphacidae
Formicidae,Animalia,Arthropoda,Insecta,Hymenoptera,Formicidae
Myrmica,Animalia,Arthropoda,Insecta,Hymenoptera,Formicidae
Sciaridae,Animalia,Arthropoda,Insecta,Diptera,Sciaridae
Muscidae,Animalia,Arthropoda,Insecta,Diptera,Muscidae
Acari,Animalia,Arthropoda,Arachnida,Acari,NA
Culicidae,Animalia,Arthropoda,Insecta,Diptera,Culicidae
Ichneumonidae,NA,NA,NA,NA,NA
Eisenoides,Animalia,Annelida,Clitellata,Crassiclitellata,Lumbricidae
Achromadora,Animalia,Nematoda,Adenophorea,Chromadorida,Achromadoridae
Alaimus,Animalia,Nematoda,Enoplea,Enoplida,Alaimidae
Aporcelaimidae,Animalia,Nematoda,Enoplea,Dorylaimida,Aporcelaimidae
Aprutides,Animalia,Nematoda,Secernentea,Aphelenchida,Seinuridae
Diplogasteroides,Animalia,Nematoda,Chromadorea,Rhabditida,Diplogasteroididae
Diptherophora,Animalia,Mollusca,Mollusca (awaiting allocation),Mollusca (awaiting allocation),Mollusca (awaiting allocation)
Discolaimus,Animalia,Nematoda,Adenophorea,Dorylaimida,Dorylaimidae
Ecphyadophora,Animalia,Nematoda,Chromadorea,Tylenchida,Neotylenchidae
Gracilacus,Animalia,Nematoda,Secernentea,Tylenchida,Tylenchulidae
Hoplolaimus,Animalia,Nematoda,Chromadorea,Rhabditida,Hoplolaimidae
Hoplotylus,Animalia,Nematoda,Secernentea,Tylenchida,Pratylenchidae
Mesorhabditis,Animalia,Nematoda,Secernentea,Rhabditida,Rhabditidae
Mononchus,Animalia,Nematoda,Enoplea,Mononchida,Mononchidae
Mylonchulus,Animalia,Nematoda,Adenophorea,Dorylaimida,Mononchidae
Paratylenchus,Animalia,Nematoda,Chromadorea,Tylenchida,Criconematidae
Pratylenchus,NA,NA,NA,NA,NA
Prodorylaimus,Animalia,Nematoda,Enoplea,Dorylaimida,Dorylaimidae
Psilenchus,Animalia,Nematoda,Chromadorea,Tylenchida,Tylenchidae
Pungentus,Animalia,Nematoda,Dorylaimea,Dorylaimida,Dorylaimidae
Quadsianematidae,Animalia,Nematoda,Enoplea,Dorylaimida,Qudsianematidae
Rhabditis,Animalia,Nematoda,Chromadorea,Rhabditida,Rhabditidae
Tylencholaimus,Animalia,Nematoda,Adenophorea,Dorylaimida,Dorylaimidae
Wilsonema,Animalia,Nematoda,Adenophorea,Chromadorida,Plectidae
Xiphinema,NA,NA,NA,NA,NA
Dolichotis,Animalia,Chordata,Mammalia,Rodentia,Caviidae
Galea,Animalia,Chordata,Rodentia,Mammalia,Caviidae
Microcavia,Animalia,Chordata,Rodentia,Mammalia,Caviidae
Akodon,Animalia,Chordata,Mammalia,Rodentia,Muridae
Calomys,Animalia,Chordata,Mammalia,Rodentia,Cricetidae
Eligmodontia,Animalia,Chordata,Mammalia,Rodentia,Cricetidae
Graomys,Animalia,Chordata,Mammalia,Rodentia,Cricetidae
Spinus,Animalia,Chordata,Aves,Passeriformes,Fringillidae
Melospiza,Animalia,Chordata,Aves,Passeriformes,Emberizidae
Geothlypis,Animalia,Chordata,Aves,Passeriformes,Parulidae
Setophaga,Animalia,Chordata,Aves,Passeriformes,Parulidae
Colotis,NA,NA,Insecta,Lepidoptera,Pieridae
Sylvilagus,Animalia,Chordata,Mammalia,Lagomorpha,Leporidae
Turdus,Animalia,Chordata,Aves,Passeriformes,Turdidae
Zonotrichia,Animalia,Chordata,Aves,Passeriformes,Emberizidae
Dendroica,Animalia,Chordata,Aves,Passeriformes,Parulidae
Sorex,Animalia,Chordata,Mammalia,Insectivora,Soricidae
Friesea,Animalia,Arthropoda,Entognatha,Collembola,Neanuridae
Hypogastrura,Animalia,Arthropoda,Entognatha,Collembola,Hypogastruridae
Nothrus ,Animalia,Arthropoda,Arachnida,Oribatida,Nothridae
Oppiella,Animalia,Arthropoda,Arachnida,Sarcoptiformes,Oppiidae
Platynothrus ,Animalia,Arthropoda,Arachnida,Sarcoptiformes,Camisiidae
Tullbergia,Animalia,Arthropoda,Entognatha,Collembola,Tullbergiidae
Variatipes,Animalia,Arthropoda,Arachnida,Prostigmata,Scutacaridae
Arctoseius,NA,NA,NA,NA,NA
Dendrolaelaps,Animalia,Arthropoda,Arachnida,Mesostigmata,Digamasellidae
Eniochthonius,Animalia,Arthropoda,Arachnida,Sarcoptiformes,Eniochthoniidae
Sellnickochthonius,Animalia,Arthropoda,Arachnida,Sarcoptiformes,Brachychthoniidae
Suctobelbella,Animalia,Arthropoda,Arachnida,Sarcoptiformes,Suctobelbidae
Zercon,Animalia,Arthropoda,Arachnida,Mesostigmata,Zerconidae
Cryptoblepharus,Animalia,Chordata,Reptilia,Squamata,Scincidae
Demansia,Animalia,Chordata,Reptilia,Squamata,Elapidae
Gehyra,NA,NA,NA,NA,NA
Heteronotia,Animalia,Chordata,Lepidosauria,Squamata,Gekkonidae
Menetia,Animalia,Chordata,Reptilia,Squamata,Scincidae
Parasuta,Animalia,Chordata,Lepidosauria,Squamata,Elapidae
Pogona,Animalia,Chordata,Reptilia,Squamata,Agamidae
Pygopus,Animalia,Chordata,Lepidosauria,Squamata,Pygopodidae
Underwoodisaurus,Animalia,Chordata,Lepidosauria,Squamata,Carphodactylidae
Varanus,Animalia,Chordata,Reptilia,Squamata,Varanidae
Vermicella,Animalia,Chordata,Reptilia,Squamata,Elapidae
Speyeria,NA,NA,Insecta,Lepidoptera,Nymphalidae
Forbs,Animalia,Arthropoda,Insecta,Hymenoptera,NA
Poaceae,Plantae,Monocotyledonae,Cyperales,Poaceae,NA
Prosopis,NA,NA,NA,NA,NA
Apodemus,Animalia,Chordata,Mammalia,Rodentia,Muridae
<0.1m,Fungi,Ascomycota,Dothideomycetes,Pleosporales,Pleosporaceae
0.1-0.2m,Animalia,Arthropoda,Malacostraca,Decapoda,Alpheidae
0.2-0.7m,Animalia,Arthropoda,Malacostraca,Decapoda,Laomediidae
0.7-.01m,Fungi,NA,NA,NA,NA
0.7-1.0m,Plantae,Magnoliophyta,Magnoliopsida,Fabales,Fabaceae
1.0-1.5m,NA,NA,NA,NA,NA
1.5-2m,Plantae,Magnoliophyta,Magnoliopsida,Fabales,Fabaceae
2.0m+,Animalia,Annelida,Clitellata,Tubificida,Naididae
Brachypodium,Plantae,NA,NA,NA,Poaceae
Corylus,Plantae,Spermatophyta,Magnoliopsida,Fagales,Betulaceae
Crategus,Animalia,Arthropoda,Insecta,Hemiptera,Aphididae
Pteridium,NA,NA,NA,NA,NA
Rubus,NA,NA,NA,Rosales,Rosaceae
Salix,Plantae,Magnoliophyta,Magnoliopsida,Malpighiales,Salicaceae
Urtica,Plantae,Tracheophyta,Magnoliopsida,Rosales,Urticaceae
Tephritis,NA,NA,NA,NA,NA
Xyphosia,Animalia,Arthropoda,Insecta,Diptera,Tephritidae
Pteromalus,Animalia,Arthropoda,Insecta,Hymenoptera,Pteromalidae
Aspidoscelis,Animalia,Chordata,Lepidosauria,Squamata,Teiidae
Gambelia,Viridiplantae,Streptophyta,Magnoliopsida,Lamiales,Plantaginaceae
Uta,Animalia,Chordata,Squamata,Reptilia,Phrynosomatidae
Amblyomma ,Animalia,Arthropoda,Euchelicerata,Ixodida,Ixodidae
Lepus europaeus,NA,NA,NA,NA,NA
Tetraclita,Animalia,Arthropoda,Thecostraca,Sessilia,Tetraclitidae
Bufo ,NA,NA,NA,NA,NA
Rana,NA,NA,NA,NA,NA
Julidae,Animalia,Arthropoda,Diplopoda,Julida,Julidae
Lepidoptera-larvae,Animalia,Arthropoda,NA,Lepidoptera,NA
Polydesmidae,Animalia,Arthropoda,NA,NA,NA
Heteroptera,Animalia,NA,NA,NA,NA
Hymenoptera-Parasitica,Animalia,Arthropoda,NA,Hymenoptera,NA
Lepidoptera-adults,Animalia,Arthropoda,NA,Lepidoptera,NA
Climacteris,Animalia,Chordata,Aves,Passeriformes,Climacteridae
Eremobates,Animalia,Arthropoda,Arachnida,Solifugae,Eremobatidae
Hogna,Animalia,Arthropoda,Arachnida,Araneae,Lycosidae
Cnemidophorus,Animalia,Chordata,Reptilia,Squamata,Teiidae
Sceloporus,Animalia,Chordata,Reptilia,Squamata,Phrynosomatidae
Coleonyx,Animalia,Chordata,Reptilia,Squamata,Eublepharidae
Arianta,NA,NA,NA,NA,Schnirkelschnecken
Arion,Animalia,Mollusca,Gastropoda,Pulmonata,Arionidae
Clausilia,NA,NA,NA,NA,NA
Cochlicopa,NA,NA,NA,NA,NA
Columella,Animalia,Mollusca,Gastropoda,Stylommatophora,Vertiginidae
Deroceras,Animalia,Mollusca,Gastropoda,Pulmonata,Agriolimacidae
Discus,Animalia,Mollusca,Gastropoda,Stylommatophora,Discidae
Euconulus,NA,NA,NA,NA,NA
Limax,Animalia,Mollusca,Gastropoda,Stylommatophora,Limacidae
Nesovitrea,Animalia,Mollusca,Gastropoda,Pulmonata,Oxychilidae
Punctum,Animalia,Mollusca,Gastropoda,NA,Punctidae
Vitrina,Animalia,Mollusca,Gastropoda,Stylommatophora,Vitrinidae
Zoogenetes,NA,NA,NA,NA,Valloniidae
Micotus,NA,NA,NA,NA,NA
Melanodryas,Animalia,Chordata,Aves,Passeriformes,Petroicidae
Petroica,Animalia,Chordata,NA,Passeriformes,Petroicidae
Lemmiscus,NA,NA,Mammalia,Rodentia,Cricetidae
Tamias,Animalia,Chordata,Mammalia,Rodentia,Sciuridae
Melozone,Animalia,Chordata,Aves,Passeriformes,Passerellidae
A.,NA,NA,NA,NA,NA
Agallia,Animalia,Arthropoda,Insecta,Hemiptera,Cicadellidae
Aphrodes,Animalia,Arthropoda,Insecta,Hemiptera,Cicadellidae
Arocephalus,Animalia,Arthropoda,Insecta,Hemiptera,Cicadellidae
Arthaldeus,Animalia,Arthropoda,Insecta,Hemiptera,Cicadellidae
Batracomorphus,Animalia,Arthropoda,Insecta,Hemiptera,NA
Cicadula,Animalia,Arthropoda,Insecta,Hemiptera,Cicadellidae
Conomelus,Animalia,Arthropoda,Insecta,Hemiptera,Delphacidae
Criomorphus,Animalia,Arthropoda,Insecta,Hemiptera,Delphacidae
Deltocephalus,Animalia,Arthropoda,Insecta,Hemiptera,Deltocephalidae
Dicranoneura,Animalia,Arthropoda,Insecta,Hymenoptera,Braconidae
Dikraneura,NA,NA,NA,NA,NA
E.,Plantae,Tracheophyta,Liliopsida,Poales,Poaceae
Elymana,Animalia,Arthropoda,Insecta,Hemiptera,Cicadellidae
Erythroneura,NA,NA,NA,NA,NA
Eupelix,Animalia,Arthropoda,Insecta,Hemiptera,Cicadellidae
Eupteryx,Animalia,Arthropoda,Insecta,Hemiptera,Cicadellidae
Euscelis,Animalia,Arthropoda,Insecta,Hemiptera,Cicadellidae
Javesella,Animalia,Arthropoda,Insecta,Hemiptera,Delphacidae
K.,Animalia,Mollusca,Gastropoda,Littorinimorpha,Hydrobiidae
Kelisia,NA,NA,NA,NA,NA
Laodelphax,Animalia,Arthropoda,Insecta,Hemiptera,Delphacidae
M.,Fungi,Ascomycota,Sordariomycetes,Sordariales,NA
Macrosteles,Animalia,Arthropoda,Insecta,Hemiptera,Cicadellidae
Megophthalmus,Animalia,Arthropoda,Insecta,Hemiptera,Cicadellidae
Mocydia,Animalia,Arthropoda,Insecta,Hemiptera,Cicadellidae
Mocydiopsis,Animalia,Arthropoda,Insecta,Hemiptera,Cicadellidae
Muellerianella,Animalia,Arthropoda,Insecta,Hemiptera,Delphacidae
Muirodelphax,Animalia,Arthropoda,Insecta,Hemiptera,Delphacidae
N.,Animalia,Arthropoda,Insecta,Coleoptera,Noteridae
Neophilaenus,Animalia,Arthropoda,Insecta,Hemiptera,Aphrophoridae
Philaenus,Animalia,Arthropoda,Insecta,Hemiptera,Aphrophoridae
Psammotettix,Animalia,Arthropoda,Insecta,Hemiptera,Cicadellidae
Rhopalopyx,Animalia,Arthropoda,Insecta,Hemiptera,Cicadellidae
Rhytistylus,Animalia,Arthropoda,Insecta,Hemiptera,Cicadellidae
Ribautodelphax,Animalia,Arthropoda,Insecta,Hemiptera,Delphacidae
S.,Plantae,Arthropoda,Malacostraca,Ammonoidea,Hoplitidae
Stenocranus,Animalia,Arthropoda,Insecta,Hemiptera,Araeopidae
Streptanus,Animalia,Arthropoda,Insecta,Hemiptera,Cicadellidae
Turrutus,Animalia,Arthropoda,Insecta,Hemiptera,Cicadellidae
Ulopa,Animalia,Arthropoda,Insecta,Hemiptera,Cicadellidae
Zygina,Animalia,Arthropoda,Insecta,Hemiptera,Cicadellidae
Odocoileus,Animalia,Chordata,Mammalia,Artiodactyla,Cervidae
Arnara,Animalia,Arthropoda,Arachnida,Pseudoscorpiones,Chthoniidae
Bradycellus,Animalia,Arthropoda,Insecta,Coleoptera,Carabidae
Elaphrus,Animalia,Arthropoda,Insecta,Coleoptera,Carabidae
Miscodera,Animalia,Arthropoda,Insecta,Coleoptera,Carabidae
Olisthopus,Animalia,Arthropoda,Insecta,Coleoptera,Carabidae
Trichocellus,Animalia,Arthropoda,Insecta,Coleoptera,Carabidae
Agroeca,Animalia,Arthropoda,Arachnida,Araneae,Liocranidae
Agyneta,Animalia,Arthropoda,Arachnida,Araneae,Linyphiidae
Allomengea,Animalia,Arthropoda,Arachnida,Araneae,Linyphiidae
Alopecosa,Animalia,Arthropoda,Arachnida,Araneae,NA
Baryphyma,Animalia,Arthropoda,Arachnida,Araneae,Linyphiidae
Bathyphantes,Animalia,Arthropoda,Arachnida,Araneae,Linyphiidae
Bolyphantes,Animalia,Arthropoda,Arachnida,Araneae,Linyphiidae
Centromerita,Animalia,Arthropoda,Arachnida,Araneae,Linyphiidae
Centromerus,Animalia,Arthropoda,Arachnida,Araneae,Linyphiidae
Ceratinella,Animalia,Arthropoda,Arachnida,Araneae,Linyphiidae
Dicymbium,Animalia,Arthropoda,Arachnida,Araneae,Linyphiidae
Drassodes,NA,NA,NA,NA,NA
Erigone,Animalia,Arthropoda,Arachnida,Araneae,Linyphiidae
Erigonella,Animalia,Arthropoda,Arachnida,Araneae,Linyphiidae
Gonatium,Animalia,Arthropoda,Arachnida,Araneae,Linyphiidae
Gongylidiellum,Animalia,Arthropoda,Arachnida,Araneae,Linyphiidae
Haplodrassus,Animalia,Arthropoda,Arachnida,Araneae,Gnaphosidae
Lepthyphantes,Animalia,Arthropoda,Arachnida,Aranaea,Linyphiidae
Maro,NA,NA,NA,NA,NA
Maso,NA,NA,NA,NA,NA
Meioneta,Animalia,Arthropoda,Arachnida,Araneae,Linyphiidae
Micrargus,NA,NA,NA,NA,NA
Mitopus,Animalia,Arthropoda,Arachnida,Opiliones,Phalangiidae
Monocephalus,Animalia,Arthropoda,Arachnida,Aranaea,Linyphiidae
Neobisium,Animalia,Arthropoda,Arachnida,Pseudoscorpiones,Neobisiidae
Oedothorax,Animalia,Arthropoda,Arachnida,Araneae,Linyphiidae
Oligolophus,Animalia,Arthropoda,Arachnida,Opiliones,Phalangiidae
Pardosa,Animalia,Arthropoda,Arachnida,Araneae,Lycosidae
Pelecopsis,Animalia,Arthropoda,NA,Araneae,Linyphiidae
Pocadicnemis,Animalia,Arthropoda,Arachnida,Araneae,Linyphiidae
Porrhomma,Animalia,Arthropoda,Arachnida,Araneae,Linyphiidae
Robertus,Animalia,Arthropoda,Arachnida,Araneae,Theridiidae
Savignia,Animalia,Arthropoda,Arachnida,Araneae,Linyphiidae
Silometopus,Animalia,Arthropoda,Arachnida,Araneae,Linyphiidae
Tapinocyba,NA,NA,NA,NA,NA
Tapinopa,Animalia,Arthropoda,Arachnida,Araneae,Linyphiidae
Tiso,Animalia,Arthropoda,Arachnida,Aranaea,Linyphiidae
Trichopterna,Animalia,Arthropoda,Arachnida,Araneae,Linyphiidae
Trochosa,Animalia,Arthropoda,Arachnida,Araneae,Lycosidae
Walckenaeria,Animalia,Arthropoda,Arachnida,Araneae,Linyphiidae
Cacatua,Animalia,Chordata,Aves,Psittaciformes,Psittacidae
Geopelia,Animalia,Chordata,Columbiformes,Aves,Columbidae
Platycercus,Animalia,Chordata,Aves,Psittaciformes,Psittacidae
Centropus,Animalia,Chordata,Aves,Cuculiformes,Cuculidae
Coracina,Animalia,Chordata,Aves,Passeriformes,Campephagidae
Geophaps,Animalia,Chordata,Aves,Columbiformes,Columbidae
Malurus,Animalia,Chordata,NA,Passeriformes,Maluridae
Pachycephala,NA,NA,NA,NA,NA
Philemon,Animalia,Chordata,Aves,Passeriformes,Meliphagidae
Trichoglossus,Animalia,Chordata,Aves,Psittaciformes,Psittaculidae
Cracticus,Animalia,Chordata,Aves,Passeriformes,Artamidae
Dacelo,Animalia,Chordata,Aves,Coraciiformes,Alcedinidae
Entomyzon,Animalia,Chordata,Aves,Passeriformes,Meliphagidae
Grallina,Animalia,Chordata,Aves,Passeriformes,Monarchidae
Gymnorhina,Animalia,Chordata,Aves,Passeriformes,Cracticidae
Manorina,Animalia,Chordata,Aves,Passeriformes,Meliphagidae
Melithreptus,Animalia,Chordata,Aves,Passeriformes,Meliphagidae
Microeca,Animalia,Chordata,Aves,Passeriformes,Petroicidae
Pardalotus,NA,NA,NA,Passeriformes,Pardalotidae
Rhipidura,NA,NA,NA,Passeriformes,Rhipiduridae
Smicrornis,Animalia,Chordata,Aves,Passeriformes,Acanthizidae
Isoodon,Animalia,Chordata,Mammalia,Peramelemorphia,Peramelidae
Macropus,Animalia,Chordata,Mammalia,Diprotodontia,Macropodidae
Carlia,Animalia,Chordata,Reptilia,Squamata,Scincidae
Diporiphora,Animalia,Chordata,Lepidosauria,Squamata,Agamidae
Zenaida,Animalia,Chordata,Aves,NA,NA
Aimophila,Animalia,Chordata,Aves,Passeriformes,Passerellidae
Amphispiza,Animalia,Chordata,Aves,Passeriformes,Passerellidae
Callipepla,Animalia,Chordata,Aves,Galliformes,Odontophoridae
Chondestes,Animalia,Chordata,Aves,Passeriformes,Passerellidae
Guiraca,Animalia,Chordata,Aves,Passeriformes,Cardinalidae
Mimus,Animalia,Chordata,Aves,Passeriformes,Mimidae
Colaptes,Animalia,Chordata,Aves,Passeriformes,Picidae
Tyrannus,Animalia,Chordata,Aves,Passeriformes,Tyrannidae
