"uniqueID","Title","Authors","Source.Title","Publication.Year","exclude","reason.simplified","grazer.status","last.grazing.event","study.duration","lat","lon","elevation","country","n.sites","survey.technique","grazerspecies.indigenous","grazerspecies.domestic","site.lat","site.lon","site.elevation","plantedvsselfassembled","veg.class","openvsfenced","tilledvsleftalone","herbivores","fertilization","fire","publicvsprivate","year.initiated","year.finished","FloodEvent","hasData"
183,"","","",NA,"",NA,"","",NA,NA,NA,"","","","","","","","","","","","","","","","","","","","",""
285,"","","",NA,"",NA,"","",NA,NA,NA,"","","","","","","","","","","","","","","","","","","","",""
367,"","","",NA,"",NA,"","",NA,NA,NA,"","","","","","","","","","","","","","","","","","","","",""
1389,"","","",NA,"",NA,"","",NA,NA,NA,"","","","","","","","","","","","","","","","","","","","",""
2066,"","","",NA,"",NA,"","",NA,NA,NA,"","","","","","","","","","","","","","","","","","","","",""
2617,"","","",NA,"",NA,"","",NA,NA,NA,"","","","","","","","","","","","","","","","","","","","",""
2715,"","","",NA,"",NA,"","",NA,NA,NA,"","","","","","","","","","","","","","","","","","","","",""
2723,"","","",NA,"",NA,"","",NA,NA,NA,"","","","","","","","","","","","","","","","","","","","",""
2741,"","","",NA,"",NA,"","",NA,NA,NA,"","","","","","","","","","","","","","","","","","","","",""
2752,"","","",NA,"",NA,"","",NA,NA,NA,"","","","","","","","","","","","","","","","","","","","",""
2757,"","","",NA,"",NA,"","",NA,NA,NA,"","","","","","","","","","","","","","","","","","","","",""
2779,"","","",NA,"",NA,"","",NA,NA,NA,"","","","","","","","","","","","","","","","","","","","",""
2789,"","","",NA,"",NA,"","",NA,NA,NA,"","","","","","","","","","","","","","","","","","","","",""
2790,"","","",NA,"",NA,"","",NA,NA,NA,"","","","","","","","","","","","","","","","","","","","",""
2804,"","","",NA,"",NA,"","",NA,NA,NA,"","","","","","","","","","","","","","","","","","","","",""
2810,"","","",NA,"",NA,"","",NA,NA,NA,"","","","","","","","","","","","","","","","","","","","",""
2815,"","","",NA,"",NA,"","",NA,NA,NA,"","","","","","","","","","","","","","","","","","","","",""
2881,"","","",NA,"",NA,"","",NA,NA,NA,"","","","","","","","","","","","","","","","","","","","",""
2908,"","","",NA,"",NA,"","",NA,NA,NA,"","","","","","","","","","","","","","","","","","","","",""
2989,"","","",NA,"",NA,"","",NA,NA,NA,"","","","","","","","","","","","","","","","","","","","",""
3232,"","","",NA,"",NA,"","",NA,NA,NA,"","","","","","","","","","","","","","","","","","","","",""
5,"Contrasting responses of plant and insect diversity to variation in grazing intensity","Kruess, A; Tscharntke, T","BIOLOGICAL CONSERVATION",2002,"no",NA,"domesticated","3-5 yr",1,53.7139352,9.733176,"14","Germany","24","suction sampling","no","yes","","","","SA","grassland;forest","","LA","cattle;auchenorrhyncha;heteroptera;hymenoptera","","","private","1996","1996","","yes"
8,"Grazing intensity and the diversity of grasshoppers, butterflies, and trap-nesting bees and wasps","Kruess, A; Tscharntke, T","CONSERVATION BIOLOGY",2002,"no",NA,"domesticated","3-5 yr",1,53.7139352,9.733176,"14","Germany","18","suction sampling","no","yes","","","","SA","grassland;forest","","LA","cattle;lepidoptera;hymenoptera","","","private","1996","1996","","yes"
30,"CHANGES IN SPIDER (ARANEAE) ASSEMBLAGES IN RELATION TO SUCCESSION AND GRAZING MANAGEMENT","GIBSON, CWD; HAMBLER, C; BROWN, VK","JOURNAL OF APPLIED ECOLOGY",1992,"no",NA,"domesticated","0",5,51.7773735,-1.3450781,"","UK","1","vaccuum","no","yes","","","","SA","grassland","fenced","LA","sheep","","","private","1985","1989","","yes"
36,"Consequences of succession on extensively grazed grasslands for central European butterfly communities: Rethinking conservation practices","Balmer, O; Erhardt, A","CONSERVATION BIOLOGY",2000,"no",NA,"domesticated","20",1,47.00175,6.771228,"615","Switzerland","14","transect","no","yes","","","630;640;510;520;550;570;570;540;610;580;720;590;400;590","SA","grassland;forest","","LA","sheep","","","public","1997","1997","","yes"
46,"RESPONSES OF BIRDS, RODENTS, AND VEGETATION TO LIVESTOCK EXCLOSURE IN A SEMIDESERT GRASSLAND SITE","BOCK, CE; BOCK, JH; KENNEY, WR; HAWTHORNE, VM","JOURNAL OF RANGE MANAGEMENT",1984,"no",NA,"domesticated","13",3,31.60321,-110.51,"1500","USA","14","transect","no","yes","","","","SA","grassland","","LA","cattle;rodentia","","","public","1981","1983","","yes"
55,"Impacts of ungulates on the demography and diversity of small mammals in central Kenya","Keesing, F","OECOLOGIA",1998,"no",NA,"domesticated and indigenous","3",3,0.28333,36.833,"1800","Kenya","1","trapping","yes","yes","","","","SA","grassland","open","LA","cattle;rodentia;proboscidea;artiodactyla;perissodactyla;","","","private","1995","1997","","yes"
60,"THE EFFECTS OF AGRICULTURAL MANAGEMENT ON THE SOIL BIOTA OF SOME UPLAND GRASSLANDS","BARDGETT, RD; FRANKLAND, JC; WHITTAKER, JB","AGRICULTURE ECOSYSTEMS & ENVIRONMENT",1993,"no",NA,"domesticated","2",4,54.2783134,-2.4606707,"250","UK","1","soil cores","no","yes","","","","SA","grassland","fenced","LA","sheep","","","private","1987","1990","","yes"
73,"Competition and compensation among cattle, zebras, and elephants in a semi-arid savanna in Laikipia, Kenya","Young, TP; Palmer, TM; Gadd, ME","BIOLOGICAL CONSERVATION",2005,"no",NA,"domesticated and indigenous","5",8,0.2833,37.8667,"1800","Kenya","1","scat surveys","yes","yes","","","","SA","grassland","open","LA","cattle;proboscidea;artiodactyla;perissodactyla","","","private","1995","2002","","yes"
94,"THE IMPLICATIONS OF RED DEER GRAZING TO GROUND VEGETATION AND INVERTEBRATE COMMUNITIES OF SCOTTISH NATIVE PINEWOODS","BAINES, D; SAGE, RB; BAINES, MM","JOURNAL OF APPLIED ECOLOGY",1994,"no",NA,"indigenous","",2,57.050093,-2.8689667,"","UK","8","sweep netting","yes","no","","","","SA","forest","open","LA","red deer","","","","1991","1992","","yes"
106,"The effect and extent of heavy grazing by reindeer in oligotrophic pine heaths in northeastern Fennoscandia","Vare, H; Ohtonen, R; Mikkola, K","ECOGRAPHY",1996,"no",NA,"indigenous","30",NA,68.06858383,26.02414133,"200","Finland","4","soil cores","no","yes","68.910296; 68.158917; 67.1365385","25.650123; 23.269309; 29.152992","","SA","forest","open","LA","reindeer","","","public","","","","yes"
111,"Responses of vertebrates to pastoralism, military land use and landscape position in an Australian tropical savanna","Woinarski, JCZ; Ash, AJ","AUSTRAL ECOLOGY",2002,"no",NA,"domesticated and indigenous","43",1,-19.4667,146.45,"","Australia","1","4","yes","yes","","","","SA","grassland;shrubland","","LA","cattle;horses;rodentia;diprotodontia","","yes","public","1999","1999","","yes"
115,"The effects of varied grazing management on epigeal spiders, harvestmen and pseudoscorpions of Nardus stricta grassland in upland Scotland","Dennis, P; Young, MR; Bentley, C","AGRICULTURE ECOSYSTEMS & ENVIRONMENT",2001,"no",NA,"domesticated","2",4,55.4808,-2.21394,"475","UK","1","pitfall traps","no","yes","","","","SA","grassland","","LA","cattle;sheep","","","","1991","1994","","yes"
121,"Impact of herbivores on nitrogen cycling: contrasting effects of small and large species","Bakker, ES; Olff, H; Boekhoff, M; Gleichman, JM; Berendse, F","OECOLOGIA",2004,"no",NA,"domesticated and indigenous","1",7,52.5333,6.6,"","Netherlands","1","trapping","yes","yes","","","","SA","grassland","open","LA","cattle;rabbits;voles","","","public","1995","2001","","yes"
142,"The effects of livestock grazing on foliar arthropods associated with bird diet in upland grasslands of Scotland","Dennis, Peter; Skartveit, John; McCracken, David I.; Pakeman, Robin J.; Beaton, Katy; Kunaver, Anja; Evans, Darren M.","JOURNAL OF APPLIED ECOLOGY",2008,"contacted author",NA,"domesticated","2",4,55.4808,-2.21394,"475","UK","1","pitfall traps","no","yes","","","","SA","grassland","","LA","cattle;sheep","","","public","2002","2005","","yes"
149,"Effects of stock grazing on the ground invertebrate fauna of woodland remnants","Bromham, L; Cardillo, M; Bennett, AF; Elgar, MA","AUSTRALIAN JOURNAL OF ECOLOGY",1999,"no",NA,"domesticated and indigenous","",1,-36,146,"","Australia","15","pitfall traps","no","yes","","","","","forest","","","cattle;sheep;invertebrates","","","","1993","1993","","yes"
159,"Effects of introduction and exclusion of large herbivores on small rodent communities","Smit, R; Bokdam, J; den Ouden, J; Olff, H; Schot-Opschoor, H; Schrijvers, M","PLANT ECOLOGY",2001,"no",NA,"indigenous","3",1,52.0667,50.85,"","Netherlands","32","trapping","yes","no","","","","SA","forest","","LA","red deer;roe deer;mouflon;wood mice;voles;wild boar;rabbits","","","public","1996","1996","","yes"
188,"Is landscape context important for riparian conservation? Birds in grassy woodland","Martin, TG; McIntyre, S; Catterall, CP; Possingham, HP","BIOLOGICAL CONSERVATION",2006,"no",NA,"domesticated","",3,-27,152,"425","Australia","16","visual counts","no","yes","","","","P","grassland;wetland;forest","","T","cattle","","","private","2001","2003","","yes"
197,"Large herbivores suppress decomposer abundance in a semiarid grazing ecosystem","Sankaran, M; Augustine, DJ","ECOLOGY",2004,"no",NA,"domesticated","",3,0.2823,37.8833,"","Kenya","4","soil cores","yes","yes","","","","SA","grassland;shrubland","","LA","cattle;hares;elephants;impala;waterbuck;buffalo;eland","","","private","1999","2001","","yes"
202,"To graze or not to graze? Sheep, voles, forestry and nature conservation in the British uplands","Evans, DM; Redpath, SM; Elston, DA; Evans, SA; Mitchell, RJ; Dennis, P","JOURNAL OF APPLIED ECOLOGY",2006,"no",NA,"domesticated","2",3,55.4808028,-2.21394,"475","UK","1","trapping","yes","yes","","","","","grassland","","","cattle;sheep;field voles","","","","2002","2004","","yes"
213,"The effect of reindeer grazing on decomposition, mineralization and soil biota in a dry oligotrophic Scots pine forest","Stark, S; Wardle, DA; Ohtonen, R; Helle, T; Yeates, GW","OIKOS",2000,"no",NA,"domesticated","30",1,68.1167,23.4167,"","Finland","1","soil samples","no","yes","","","","SA","forest","open","LA","reindeer","","","","1997","1997","","yes"
226,"EFFECTS OF AN 11-YEAR LIVESTOCK EXCLOSURE ON RODENT AND ANT NUMBERS IN THE CHIHUAHUAN DESERT, SOUTHEASTERN ARIZONA","HESKE, EJ; CAMPBELL, M","SOUTHWESTERN NATURALIST",1991,"no",NA,"domesticated","11",NA,33.8448272,-112.0393931,"","USA","1","trapping","yes","yes","","","","","desert","","","cattle;rodents;ants","","","","1988","","","yes"
228,"Response of vertebrates to fenceline contrasts in grazing intensity in semi-arid woodlands of eastern Australia","James, C","AUSTRAL ECOLOGY",2003,"no",NA,"domesticated and indigenous","0",1,-26.5092486,145.990106,"","Australia","10","dung survey","yes","yes","","","","","grassland;shrubland;forest","","","cattle;reptiles;small mammals;kangaroos;wallabies;sheep;goat;rabbits","","yes","public;private","1992","1992","","yes"
237,"Soil microbial responses to herbivory in an arctic tundra heath at two levels of nutrient availability","Stark, S; Grellmann, D","ECOLOGY",2002,"no",NA,"indigenous","1",10,69.75,23.967,"530","Norway","4","soil cores","yes","no","","","","SA","tundra","","LA","reindeer;voles;lemmings","","","private","1991","2000","","yes"
239,"Carabid communities on heather moorlands in northeast Scotland: The consequences of grazing pressure for community diversity","Gardner, SM; Hartley, SE; Davies, A; Palmer, SCF","BIOLOGICAL CONSERVATION",1997,"no",NA,"domesticated","",2,56.8860554,-3.435402,"450","Scotland","28","pitfall traps","yes","yes","","","","","grassland","","","sheep;deer","","","","1993","1994","","yes"
246,"HABITAT SHIFTS BY MULE DEER - THE INFLUENCE OF CATTLE GRAZING","LOFT, ER; MENKE, JW; KIE, JG","JOURNAL OF WILDLIFE MANAGEMENT",1991,"no",NA,"domesticated","3",3,38.2344436,-120.021474,"2500","USA","5","telemetry","yes","yes","","","","SA","grassland;wetland;forest;shrubland","fenced","LA","cattle;mule deer","","","public","1983","1985","","yes"
252,"DIFFERENCES BETWEEN INVERTEBRATE FAUNAS OF GRAZED AND UNGRAZED CHALK GRASSLAND .4. ABUNDANCE AND DIVERSITY OF HOMOPTERA-AUCHENORHYNCHA","MORRIS, MG","JOURNAL OF APPLIED ECOLOGY",1971,"no",NA,"domesticated","1",5,51.695215,-2.619634,"","UK","2","vaccuum","no","yes","","","","","grassland","","","sheep;hemiptera","","","","1965","1969","","yes"
277,"Does extensive grazing benefit butterflies in coastal dunes?","WallisDeVries, MF; Raemakers, I","RESTORATION ECOLOGY",2001,"no",NA,"domesticated","none",5,52.25,4.4167,"","Netherlands","24","transects","no","yes","","","","","grassland;wetland;shrubland","","","ponies;cattle;sheep","","","","1992","1996","","yes"
311,"Auchenorrhyncha communities as indicators of disturbance in grasslands (Insecta, Hemiptera) - a case study from the Elbe flood plains (northern Germany)","Nickel, H; Hildebrandt, J","AGRICULTURE ECOSYSTEMS & ENVIRONMENT",2003,"no",NA,"domesticated","",2,51.0871,13.814064,"","Germany","","vaccuum sampling","no","yes","","","","","grassland;wetland","","","cattle;hemiptera","yes;no","","private","1999","2000","Yes","yes"
348,"The effects of cattle grazing on tall-herb fen vegetation and molluscs","Ausden, M; Hall, M; Pearson, P; Strudwick, T","BIOLOGICAL CONSERVATION",2005,"no",NA,"domesticated","2",3,52.6111551,1.4450573,"","UK","1","quadrats","no","yes","","","","","grassland;shrubland","fenced","","cattle","","","public","2002","2004","Yes","yes"
349,"Impact of reindeer grazing on ground-dwelling Carabidae and Curculionidae assemblages in Lapland","Suominen, O; Niemela, J; Martikainen, P; Niemela, P; Kojola, I","ECOGRAPHY",2003,"no",NA,"domesticated and indigenous","0",2,69.756889,27.006249,"","Finland","6","pitfall traps","no","yes","","","","SA","grassland;shrubland;forest","","LA","reindeer;moose;coleoptera;rodentia;lagomorpha","","","private","1995","1996","","yes"
351,"Diversity and guild structure of insect assemblages under grazing and exclusion regimes in a montane grassland from Central Argentina","Cagnolo, L; Molina, SI; Valladares, GR","BIODIVERSITY AND CONSERVATION",2002,"no",NA,"domesticated","30",2,-31.5,-64.75,"2100","Argentina","4","vaccuum samping","no","yes","","","","","grassland","","","cattle;horses;coleoptera","","","","1996","1997","","yes"
355,"Density and reproductive success of California Towhees","Purcell, KL; Verner, J","CONSERVATION BIOLOGY",1998,"no",NA,"domesticated","59",7,37.0993911,-119.757658,"","USA","2","spot-mapping","no","yes","","","","","forest","","","cattle","","","private","1988","1994","","yes"
363,"Examining ecological consequences of feral horse grazing using exclosures","Beever, EA; Brussard, PF","WESTERN NORTH AMERICAN NATURALIST",2000,"no",NA,"domesticated and indigenous","15",1,40.4624019,-118.835172,"","USA","4","trapping","yes","no","","","","","grassland;shrubland","","","feral horses","","","public","1998","1998","","yes"
373,"Cattle grazing, raptor abundance and small mammal communities in Mediterranean grasslands","Torre, Ignacio; Diaz, Mario; Martinez-Padilla, Jesus; Bonal, Raul; Vinuela, Javier; Fargallo, Juan A.","BASIC AND APPLIED ECOLOGY",2007,"no",NA,"domesticated","1",3,40.667,-4.334,"","Spain","1","trapping","no","yes","","","","SA","grassland","","LA","cattle;common voles;white-toothed shrews;wood mice","","","","1999","2001","","yes"
374,"The influence of livestock grazing and weed invasion on habitat use by birds in grassy woodland reminants","Maron, M; Lill, A","BIOLOGICAL CONSERVATION",2005,"no",NA,"domesticated and indigenous","0",1,-36.524897,141.2973876,"","Australia","14","point surveys","no","yes","","","","P","grassland;shrubland;forest","","","cattle;western grey kangaroos;brown hares;European rabbits;brown hares","","","public;private","2003","2003","","yes"
391,"Do delayed effects of overgrazing explain population cycles in voles?","Klemola, T; Norrdahl, K; Korpimaki, E","OIKOS",2000,"no",NA,"indigenous","0",3,63,23,"","Finland","4","trapping","yes","","","","","","grassland","","","field voles;sibling voles","","","","1996","1998","","yes"
393,"Impact of cervid browsing and grazing on the terrestrial gastropod fauna in the boreal forests of Fennoscandia","Suominen, O","ECOGRAPHY",1999,"no",NA,"indigenous","1",1,62,17,"","Finland","23","pitfall traps","yes","yes","","","","SA;P","forest","","","moose;reindeer","","yes","","1995","1995","","yes"
397,"Post-Soviet agricultural change predicts future declines after recent recovery in Eurasian steppe bird populations","Kamp, Johannes; Urazaliev, Ruslan; Donald, Paul F.; Hoelzel, Norbert","BIOLOGICAL CONSERVATION",2011,"no",NA,"domesticated","19",1,50.5833,70,"","Kazakhstan","6","transects","no","yes","","","","","grassland","","","cattle;sheep","","","","2009","2009","","yes"
402,"Effects of livestock removal and perennial grass recovery on the lizards of a desertified arid grassland","Castellano, MJ; Valone, TJ","JOURNAL OF ARID ENVIRONMENTS",2006,"no",NA,"domesticated","44",2,32.2770422,-109.247504,"","USA","1","pitfall traps","no","yes","","","","","grassland","","","cattle","","","","2002","2003","","yes"
403,"Effects of grazing intensity on small mammal population ecology in wet meadows","Schmidt, NM; Olsen, H; Bildsoe, M; Sluydts, V; Leirs, H","BASIC AND APPLIED ECOLOGY",2005,"no",NA,"domesticated","3",4,56.4833,9.8167,"","Denmark","2","trapping","yes","yes","","","","P","grassland","","","cattle;sheep;field voles","","","","1997","2000","","yes"
405,"Differences in the reproductive success and survival of the rufous treecreeper (Climacteris rufa) between a fragmented and unfragmented landscape","Luck, GW","BIOLOGICAL CONSERVATION",2003,"no",NA,"domesticated","1",2,-32.75,166.9167,"","Australia","10","visual surveys","no","yes","","","","","grassland;shrubland;forest","","","sheep","","","","1998","1999","","yes"
407,"Changes in abundance and diversity of microarthropods associated with Fescue Prairie grazing regimes","Clapperton, MJ; Kanashiro, DA; Behan-Pelletier, VM","PEDOBIOLOGIA",2002,"no",NA,"domesticated","50",1,50.0301175,-113.5725,"1350","Canada","4","soil cores","no","yes","","","","","grassland","","","cattle","","","private","1999","1999","","yes"
409,"Is the density of redshank Tringa totanus nesting on saltmarshes in Great Britain declining due to changes in grazing management?","Norris, K; Brindley, E; Cook, T; Babbs, S; Brown, CF; Yaxley, R","JOURNAL OF APPLIED ECOLOGY",1998,"no",NA,"domesticated",NA,12,52.936623,-1.825313,"","UK","77","survey","no","yes","","","","","grassland;wetland","","","sheep;cattle","","","","1985","1996","","yes"
416,"DIFFERENCES BETWEEN INVERTEBRATE FAUNAS OF GRAZED AND UNGRAZED CHALK GRASSLAND .2. FAUNAS OF SAMPLE TURVES","MORRIS, MG","JOURNAL OF APPLIED ECOLOGY",1968,"no",NA,"domesticated","1",2,51.4379477,-2.496105,"","UK","1","heat extraction","no","yes","","","","","grassland","","","sheep;coleoptera","","","","1966","1967","","yes"
422,"Effects of long-term cattle exclosure on vegetation and rodents at a desertified arid grassland site","Valone, TJ; Sauter, P","JOURNAL OF ARID ENVIRONMENTS",2005,"no",NA,"domesticated","41",2,31.467763,-110.7551539,"","USA","1","trapping","no","yes","","","","","grassland;shrubland","open","","cattle;rodentia","","","","1999","2000","","yes"
444,"Impact of grazing and desertification in the Chihuahuan Desert: Plant communities, granivores and granivory","Kerley, GIH; Whitford, WG","AMERICAN MIDLAND NATURALIST",2000,"no",NA,"domesticated","37-52 yr",1,32.586152,-106.877037,"4000-5840 ft.","United States","20","bait","yes","yes","","","","","grassland;shrubland","","","cattle;ants;rodents","","","public","1991","1991","","yes"
487,"Breeding skylarks Alauda arvensis on Environmentally Sensitive Area arable reversion grass in southern England: survey-based and experimental determination of density","Wakeham-Dawson, A; Szoszkiewicz, K; Stern, K; Aebischer, NJ","JOURNAL OF APPLIED ECOLOGY",1998,"no",NA,"domesticated","1",3,45.740861,65.50988,"","England","12","D-Vac","no","yes","","","","P","grassland","","","sheep","","","private","1994","1996","","yes"
509,"Impacts of large herbivorous mammals on bird diversity and abundance in an African savanna","Ogada, D. L.; Gadd, M. E.; Ostfeld, R. S.; Young, T. P.; Keesing, F.","OECOLOGIA",2008,"no",NA,"domesticated","7",3,0.291869,36.89827,"","Kenya","3","sweep net","yes","yes","","","","","grassland","","","Grevy's zebras;Burchell's zebras;reticulated giraffes;elephants;cape buffalos;Grant's gazelles;Jackson's hartebeests;elands;beisa oryx;steinbucks;cattle;sheep","","","private","2001","2003","","yes"
512,"Soil community composition and the regulation of grazed temperate grassland","Frank, DA; Gehring, CA; Machut, L; Phillips, M","OECOLOGIA",2003,"no",NA,"indigenous","40",NA,44.977085,-110.698943,"1900","US","2","Soil core","yes","no","","","","SA","grassland","","LA","elk;bison;pronghorn","","","public","","","","yes"
523,"Livestock grazing affects the egg size of an insectivorous passerine","Evans, DM; Redpath, SM; Evans, SA; Elston, DA; Dennis, P","BIOLOGY LETTERS",2005,"no",NA,"domesticated","1",2,56.229178,-4.3475,"111","Scotland","6","observation","no","yes","","","","","grassland","","","cattle;sheep","","","","2002","2003","","yes"
533,"Grazing alters insect visitation networks and plant mating systems","Vanbergen, Adam J.; Woodcock, Ben A.; Gray, Alan; Grant, Fiona; Telford, Annika; Lambdon, Phil; Chapman, Dan S.; Pywell, Richard F.; Heard, Matt S.; Cavers, Stephen","FUNCTIONAL ECOLOGY",2014,"no",NA,"domesticated","70",3,56.911881,-2.63181,"657","Scotland","5","visual observation","no","yes","","","","","forest","","","cattle;roe deer","","","","2007","2009","","yes"
562,"Vegetation composition determines microbial activities in a boreal forest soil","Ohtonen, R; Vare, H","MICROBIAL ECOLOGY",1998,"no",NA,"indigenous","70",1,67.215532,37.605822,"","Finland","8","weighing","no","yes","","","","","forest","","","reindeer","","","","1993","1993","","yes"
585,"Effects of livestock grazing on aboveground insect communities in semi-arid grasslands of southeastern Arizona","Debano, Sandra J.","BIODIVERSITY AND CONSERVATION",2006,"no",NA,"domesticated","52",2,31.603219,-110.507388,"1487","US","4","sweep net","no","yes","","","","","grassland","","","cattle","","","public;private","1993","1994","","yes"
589,"Rodent communities in a grazed and ungrazed Arizona grassland, and a model of habitat relationships among rodents in southwestern grass/shrublands","Jones, ZF; Bock, CE; Bock, JH","AMERICAN MIDLAND NATURALIST",2003,"no",NA,"domesticated","51",NA,31.603219,-110.507388,"1487","US","4","Sherman traps","no","yes","","","","","grassland;shrubland;forest","","","cattle","","","public;private","1981;2000","1983;2001","","yes"
603,"Contrasting effects of large herbivore grazing on smaller herbivores","Bakker, E. S.; Olff, H.; Gleichman, J. M.","BASIC AND APPLIED ECOLOGY",2009,"no",NA,"domesticated","5",8,52.5333,6.483,"","Netherlands","5","Longworth live-traps","yes","yes","","","","","grassland","","","cattle;rabbits;common voles","","","public","1994","2001","","yes"
606,"Effects of ungulates on epigeal arthropods in Sierra Nevada National Park (southeast Spain)","Gonzalez-Megias, A; Gomez, JM; Sanchez-Pinero, F","BIODIVERSITY AND CONSERVATION",2004,"no",NA,"domesticated","2",2,37.041573,-3.137865,"2250","Spain","2","Pitfall traps","yes","yes","","","","","shrubland;forest","","","sheep;goats;spanish ibex;arthropods;ants;bettles","","","public","1997","1998","","yes"
611,"Shrub-grassland small mammal and vegetation responses to rest from grazing","Rosenstock, SS","JOURNAL OF RANGE MANAGEMENT",1996,"no",NA,"domesticated","30",11,38.36697,-111.261504,"2066","US","","Sherman","no","yes","","","","","grassland;shrubland","","","cattle;white-tailed antelope squirrel;Ord's kangaroo rat;nortehrn grasshaopper mouse;deer mouse;pinyon mouse;Great Basin pocket mouse","","","public","1981","1991","","yes"
618,"Ungulate and topographic control of arbuscular mycorrhizal fungal spore community composition in a temperate grassland","Murray, Tanya R.; Frank, Douglas A.; Gehring, Catherine A.","ECOLOGY",2010,"no",NA,"indigenous","51",1,44.427963,-110.588455,"2452","US","","Soil cores","yes","no","","","","SA","grassland;shrubland","","LA","bison;elk","","","public","2002","2002","","yes"
619,"Differential Responses of Postmetamorphic Amphibians to Cattle Grazing in Wetlands","Burton, Elizabeth C.; Gray, Matthew J.; Schmutzer, A. Chandler; Miller, Debra L.","JOURNAL OF WILDLIFE MANAGEMENT",2009,"no",NA,"domesticated","10",2,35.948959,-85.026908,"569","US","","Pitfall traps","no","yes","","","","","wetland","","","cattle","","","private","2005","2006","","yes"
621,"Avifaunal changes as a consequence of large-scale livestock exclusion in the mountains of Central Argentina","Garcia, Cesar; Renison, Daniel; Cingolani, Ana M.; Fernandez-Juricic, Esteban","JOURNAL OF APPLIED ECOLOGY",2008,"no",NA,"domesticated","4",2,-31.56,-64.83,"2100","Argentina","","Transect","no","yes","","","","","grassland;forest","","","cattle;goats;sheep;mules;horses","","yes","public","2002","2003","","yes"
644,"Land rehabilitation and the conservation of birds in a degraded Afromontane landscape in northern Ethiopia","Aerts, Raf; Lerouge, Frederik; November, Eva; Lens, Luc; Hermy, Martin; Muys, Bart","BIODIVERSITY AND CONSERVATION",2008,"no",NA,"domesticated","10",1,13.617,39.35,"1900","Ethiopia","3","1 hour times species counts","","yes","","","","","grassland;shrubland;forest","","","","","","","2004","2004","","yes"
654,"The impact of physical stress and molluscan grazing on the settlement and recruitment of Tetraclita species (Cirripedia : Balanomorpha) on a tropical shore","Chan, BKK; Williams, GA","JOURNAL OF EXPERIMENTAL MARINE BIOLOGY AND ECOLOGY",2003,"no",NA,"indigenous","",1,22.21842,114.205249,"0","Hong Kong","1","census","yes","no","","","","","coastal","","","mollusc","","","","1998","1998","","yes"
702,"The effects of flooding and livestock on post-dispersal seed predation in river red gum habitats","Meeson, N; Robertson, AI; Jansen, A","JOURNAL OF APPLIED ECOLOGY",2002,"no",NA,"domesticated","10",2,-34.5666,124.866,"","Australia","7","pitfall trapping","no","yes","","","","","forest","","","cattle;sheep","","no","public","1999","2000","Yes","yes"
713,"Effects of livestock exclusion on in-stream habitat and benthic invertebrate assemblages in montane streams","Herbst, David B.; Bogan, Michael T.; Roll, Sandra K.; Safford, Hugh D.","FRESHWATER BIOLOGY",2012,"no",NA,"domesticated","10",6,36.312717,-118.322031,"3097","US","8","riffle with D-frame net","no","yes","","","","","forest","","","cattle","","","public","1999","2004","","yes"
718,"Time-scale effects in the interaction between a large and a small herbivore","Kuijper, D. P. J.; Beek, P.; van Wieren, S. E.; Bakker, J. P.","BASIC AND APPLIED ECOLOGY",2008,"no",NA,"domesticated","30",3,53.5,6.16,"","Netherlands","5","dropping counts","yes","yes","","","","","wetland","","","cattle;hare","","","","2000","2002","Yes","yes"
732,"Short-term effects on sheep pastureland due to grazing abandonment in a Western Mediterranean island ecosystem: A multidisciplinary approach","Farris, Emmanuele; Filigheddu, Rossella; Deiana, Pietrino; Farris, Giovanni A.; Garau, Giovanni","JOURNAL FOR NATURE CONSERVATION",2010,"no",NA,"domesticated","5",6,40.466,9.033,"1000","Italy","10","Soil core","no","yes","","","","","grassland;shrubland;forest","","","sheep","","yes","public","2000","2005","","yes"
740,"Interactions between sheep, rodents, graminoids, and bryophytes in an oceanic alpine ecosystem of low productivity","Austrheim, Gunnar; Mysterud, Atle; Hassel, Kristian; Evju, Marianne; Okland, Rune H.","ECOSCIENCE",2007,"no",NA,"domesticated","4",5,58.98,6.966,"950","Norway","10","quadrats","no","yes","","","","","forest","","","sheep;reindeer;lemming;root vole;field vole;bank vole","","","","2000","2004","","yes"
743,"Nematode communities of grazed and ungrazed semi-natural steppe grasslands in Eastern Austria","Zolda, P","PEDOBIOLOGIA",2006,"no",NA,"domesticated","",1,45.766,16.783,"115","Austria","4","Soil samples, Baermann funnels","no","yes","","","","","grassland","","","horse;cattle;donkey","","","public","2002","2002","","yes"
747,"Brown-headed cowbird behavior and movements in relation to livestock grazing","Goguen, CB; Mathews, NE","ECOLOGICAL APPLICATIONS",2001,"no",NA,"domesticated","20",4,36.773576,-104.485835,"1934","US","2","radio tag","no","yes","","","","","grassland;shrubland;forest","","","cattle;horses","","","private","1994","1997","","yes"
769,"Effects of fire and grazing on an arid grassland ecosystem","Valone, TJ; Nordell, SE; Ernest, SKM","SOUTHWESTERN NATURALIST",2002,"no",NA,"domesticated","2",4,31.905753,-108.878107,"1675","US","12","Sherman traps","yes","yes","","","","","grassland","","","cattle;pronghorn;deer;lagomorphs","","yes","private","1996","1999","","yes"
770,"Influence of cattle grazing on population density and species richness of granivorous birds (Emberizidae) in the and plain of the Monte, Argentina","Gonnet, JM","JOURNAL OF ARID ENVIRONMENTS",2001,"no",NA,"domesticated","24",3,-34.0333,-67.967,"","Argentina","3","Point-counts","no","yes","","","","","grassland;shrubland;forest","fenced","","cattle","","","public;private","1995","1997","","yes"
776,"Lone star tick abundance, fire, and bison grazing in tallgrass prairie","Cully, JF","JOURNAL OF RANGE MANAGEMENT",1999,"no",NA,"indigenous","14",2,39.106876,-96.60914,"329","US","11","cloth dragging transect","no","yes","","","","SA","grassland","fenced","LA","bison;cattle;deer","","yes","private","1995","1996","","yes"
780,"Effects of grazing and prescribed fire on resource selection and nest survival of upland sandpipers in an experimental landscape","Sandercock, Brett K.; Alfaro-Barrios, Matilde; Casey, Ashley E.; Johnson, Tracey N.; Mong, Tony W.; Odom, Karan J.; Strum, Khara M.; Winder, Virginia L.","LANDSCAPE ECOLOGY",2015,"no",NA,"domesticated","30",8,39.106876,-96.60914,"329","US","60","rope dragging and systematic search","no","yes","","","","SA","grassland","","LA","bison;cattle","","yes","private","2001","2008","","yes"
799,"Response of winter birds to drought and short-duration grazing in southeastern Arizona","Bock, CE; Bock, JH","CONSERVATION BIOLOGY",1999,"no",NA,"domesticated","28",3,31.603211,-110.50746,"1487","US","1","transects","no","yes","","","","","grassland;shrubland;forest","","","cattle","","","private","1996","1998","","yes"
801,"Seasonal grazing impact on cryptogamic crusts in a cold desert ecosystem","Memmott, KL; Anderson, VJ; Monsen, SB","JOURNAL OF RANGE MANAGEMENT",1998,"no",NA,"domesticated","6",NA,42.31366,-113.369521,"1377","US","4","point frame","no","yes","","","","P","grassland;shrubland","","T","cattle","","","private","","","","yes"
830,"Impacts of grazing and burning on spider assemblages in dry eucalypt forests of north-eastern New South Wales, Australia","Harris, R; York, A; Beattie, AJ","AUSTRAL ECOLOGY",2003,"no",NA,"domesticated","",1,-29,152.5833,"","Australia","30","pitfall traps, sweep netting, litter","no","yes","","","","","grassland;shrubland;forest","","","cattle","","yes","","1997","1997","Yes","yes"
835,"Songbird community composition and nesting success in grazed and ungrazed pinyon-juniper woodlands","Goguen, CB; Mathews, NE","JOURNAL OF WILDLIFE MANAGEMENT",1998,"no",NA,"domesticated","20",1,36.773576,-104.485835,"1934","US","4","point count","no","yes","","","","","grassland;forest","","","cattle;elk;mule deer;black-tailed jackrabbit","","","private","1992","1992","","yes"
848,"Effects of grazing and invasive grasses on desert vertebrates in California","Germano, David J.; Rathbun, Galen B.; Saslaw, Lawrence R.","JOURNAL OF WILDLIFE MANAGEMENT",2012,"no",NA,"domesticated","10",10,35.401184,-119.54432,"160","US","1","walking census","no","yes","","","","","grassland;shrubland;desert","","","cattle;giant kangaroo rat;short-nosed kangaroo rat;antelope squirrel;packet mouse;Heermann's kangaroo rat","","yes","private","1997","2006","","yes"
857,"Consequences for host-parasitoid interactions of grazing-dependent habitat heterogeneity","Vanbergen, AJ; Hails, RS; Watt, AD; Jones, TH","JOURNAL OF ANIMAL ECOLOGY",2006,"no",NA,"domesticated",">10 years",1,57.5,2.5,"","Scotland","20","bag and excise","yes","yes","","","","","forest","","","cattle;sheep;horses;roe deer","","","","2003","2003","","yes"
870,"Testing the effects of deer grazing on two woodland rodents, bankvoles and woodmice","Buesching, C. D.; Newman, C.; Jones, J. T.; Macdonald, D. W.","BASIC AND APPLIED ECOLOGY",2011,"no",NA,"indigenous","4-6 years",3,51.773,-1.32,"","England","4","live trapping","yes","no","","","","SA","forest","","LA","roe deer;fallow deer;muntjac","","","","2001","2003","","yes"
874,"Habitat protection, cattle grazing and density-dependent reproduction in a desert tree","Aschero, Valeria; Vazquez, Diego P.","AUSTRAL ECOLOGY",2009,"no",NA,"domesticated","35",3,-34.01,-67.65,"","Argentina","5","observation","no","yes","","","","SA;P","grassland;shrubland;forest","","","cattle","","","public;private","2005","2007","","yes"
875,"Effects of large herbivores on murid rodents in a South African savanna","Hagenah, Nicole; Prins, Herbert H. T.; Olff, Han","JOURNAL OF TROPICAL ECOLOGY",2009,"no",NA,"indigenous","4-Feb",3,-28.22,32,"","South Africa","2","","yes","no","","","","SA","grassland;shrubland;forest","open","LA","rhino;elephant;giraffe;zebra;impala;hare;rodentia","","yes","public","2002","2004","","yes"
879,"Effects of sheep grazing on abundance and predators of field vole (Microtus agrestis) in upland Britain","Wheeler, Philip","AGRICULTURE ECOSYSTEMS & ENVIRONMENT",2008,"no",NA,"domesticated","?",2,NA,NA,"","England","16","vole sign survey","yes","yes","","","","","grassland;shrubland","","","sheep;field voles","","","public","2000","2001","","yes"
883,"Grasshopper abundance in an Arizona rangeland undergoing exurban development","Bock, Carl E.; Jones, Zacb E.; Bock, Jane H.","RANGELAND ECOLOGY & MANAGEMENT",2006,"no",NA,"domesticated","unknown",2,31.65,-110.58,"","USA","3","count","no","yes","","","","","grassland;shrubland;forest","","","cattle;horses;sheep","","","public;private","2003","2004","","yes"
892,"Making sense of a prairie butterfly paradox: The effects of grazing, time since fire, and sampling period on regal fritillary abundance","Moranz, Raymond A.; Fuhlendorf, Samuel D.; Engle, David M.","BIOLOGICAL CONSERVATION",2014,"no",NA,"domesticated","2005",3,37.968,-93.997,"229","USA","4","transect count","no","yes","","","","P","grassland","","","cattle","","yes","private","2005","2007","","yes"
929,"Abiotic effects predominate under prolonged livestock-induced disturbance","Eldridge, David J.; Val, James; James, Alex I.","AUSTRAL ECOLOGY",2011,"no",NA,"domesticated","28",1,-34.1,142.1,"65","Australia","7","line trapping","yes","yes","","","","SA","grassland;shrubland;forest","","","cattle;goats;kangaroos;rabbits;sheep","","","","2005","2005","","yes"
931,"Soil fauna in sheep-grazed hill pastures under organic and conventional livestock management and in an adjacent ungrazed pasture","Schon, N. L.; Mackay, A. D.; Minor, M. A.","PEDOBIOLOGIA",2011,"no",NA,"domesticated","20",1,-40.3,175.83,"300","New Zealand","1","soil sampling","no","yes","","","","","grassland","fenced","","sheep;soil macrofauna","yes;no","","public","2007","2007","","yes"
962,"DECOMPOSITION OF LEAVES OF AVENELLA-FLEXUOSA AND MICROARTHROPOD SUCCESSION IN GRAZED AND UNGRAZED GRASSLANDS","SIEPEL, H","PEDOBIOLOGIA",1990,"no",NA,"domesticated",">20",NA,52.064,5.942,"89","Netherlands","1","litter bags, soil samples","","","","","","","","","","","","","","","","","yes"
977,"Both bottom-up and top-down processes contribute to plant diversity maintenance in an edaphically heterogeneous ecosystem","Denyer, Joanne L.; Hartley, Susan E.; John, Elizabeth A.","JOURNAL OF ECOLOGY",2010,"no",NA,"domesticated","1;4;6",7,50.79,0.19,"94","UK","3","pellet count","yes","yes","","","","","grassland;shrubland","","","sheep;rabbits;ponies","","","public","1997","2003","","yes"
981,"EFFECTS OF ROTATIONAL GRAZING ON RODENTS AND RAPTORS IN A COASTAL GRASSLAND","Johnson, Matthew D.; Horn, Christa M.","WESTERN NORTH AMERICAN NATURALIST",2008,"no",NA,"domesticated","15",2,40.812,-124.19,"0","USA","1","grid trapping, counting","no","yes","","","","","grassland","fenced","","cattle","","","public","2003","2004","","yes"
1003,"THE EFFECTS OF SHEEP-GRAZING ON THE SUBTERRANEAN TERMITE FAUNA (ISOPTERA) OF THE WESTERN-AUSTRALIAN WHEAT-BELT","ABENSPERGTRAUN, M","AUSTRALIAN JOURNAL OF ECOLOGY",1992,"no",NA,"domesticated",">100",1,-31.63,117.71,"275","Australia","5","trench traps","no","yes","","","","","grassland;shrubland;forest","","","sheep","","","","1991","1991","","yes"
1020,"Effects of Invasive Amur Honeysuckle (Lonicera maackii) and White-Tailed Deer (Odocoileus virginianus) on Litter-Dwelling Arthropod Communities","Christopher, Cory C.; Cameron, Guy N.","AMERICAN MIDLAND NATURALIST",2012,"no",NA,"indigenous","",2,39.126,-84.245,"230","USA","1","quadrat sampling","yes","no","","","","SA","forest","","LA","deer","","","private","2005","2006","","yes"
1033,"Benefits of habitat restoration to small mammal diversity and abundance in a pastoral agricultural landscape in mid-Wales","Moro, Dorian; Gadal, Stephanie","BIODIVERSITY AND CONSERVATION",2007,"no",NA,"domesticated","",1,51.866,-3.904,"256","UK","5","trapping","no","yes","","","","SA;P","grassland;shrubland;forest;wetland","","","cattle;sheep;bank voles;field voles;wood mice;common shrew","","","private","2004","2004","","yes"
1040,"Avian responses to late-season grazing in a shrub-willow floodplain","Stanley, TR; Knopf, FL","CONSERVATION BIOLOGY",2002,"no",NA,"domesticated","6",7,40.617,-106.281,"2503","USA","4","counts","no","yes","","","","","grassland;shrubland;wetland","","","cattle","","","public","1981","1987","","yes"
1095,"Megaherbivores and cattle alter edge effects around ecosystem hotspots in an African savanna","Porensky, Lauren M.; Bucher, Solveig Franziska; Veblen, Kari E.; Treydte, Anna C.; Young, Truman P.","JOURNAL OF ARID ENVIRONMENTS",2013,"no",NA,"domesticated and indigenous","4",4,0.283,36.867,"1800","Tanzania ","1","transect","yes","yes","","","","","grassland;shrubland;forest","","","cattle;hares;rodents;invertebrates;Grevy's zebra;Burchell's zebra;eland;oryx;hertebeest;steinbuck;Grant's gazelle;warthog;bush duiker;impala;buffalo;giraffe;elephant","","","private","2006","2009","","yes"
1099,"Finding solutions for bird restoration and livestock management: comparing grazing exclusion levels","Nelson, Kara S.; Gray, Elizabeth M.; Evans, James R.","ECOLOGICAL APPLICATIONS",2011,"no",NA,"domesticated","1,2,3,4,5,6",6,37.413,-121.219,"266","USA","2","variale circular plot","no","yes","","","","","grassland;forest;wetland","","","cattle","","","private","2001","2006","","yes"
1104,"Abundance of cottontails (Sylvilagus) in an exurbanizing southwestern savanna","Bock, Carl E.; Jones, Zach F.; Bock, Jane H.","SOUTHWESTERN NATURALIST",2006,"no",NA,"domesticated","24",3,31.65,-110.6,"1450","USA","1","count","no","yes","","","","","grassland;shrubland;forest","","","cattle;horses;sheep","","yes","public","2003","2005","","yes"
1139,"Does Cattle Grazing Affect Ant Abundance and Diversity in Temperate Grasslands?","Schmidt, Amanda C.; Fraser, Lauchlan H.; Carlyle, Cameron N.; Bassett, Eleanor R. L.","RANGELAND ECOLOGY & MANAGEMENT",2012,"no",NA,"domesticated","20",2,50.767,-120.466,"500;900","Canada","2","pit traps","no","yes","","","","","grassland","","","cattle","","","public","2007","2008","","yes"
1147,"The Effects of Winter Burning and Grazing on Resources and Survival of Texas Horned Lizards in a Thornscrub Ecosystem","Hellgren, Eric C.; Burrow, Anna L.; Kazmaier, Richard T.; Ruthven, Donald C., III","JOURNAL OF WILDLIFE MANAGEMENT",2010,"no",NA,"domesticated","",4,28.323,-99.428,"155","USA","1","animal tracking","no","yes","","","","","grassland;shrubland;forest","","","cattle","","yes","public","1998","2001","","yes"
1187,"Does the ice rat Otomys sloggetti robertsi contribute to habitat change in Lesotho?","Mokotjomela, Thabiso; Schwaibold, Ute; Pillay, Neville","ACTA OECOLOGICA-INTERNATIONAL JOURNAL OF ECOLOGY",2009,"no",NA,"domesticated","<1",1,-29.616,29.233,"2925","Lesotho","1","counted burrows","no","yes","","","","SA","grassland;shrubland;forest;wetland","","LA","ice rats;cattle;sheep;goats","","","","2006","2006","","yes"
1190,"Soil and decomposer responses to grazing exclusion are weak in mountain snow-beds","Virtanen, Risto; Salminen, Janne; Strommer, Rauni","ACTA OECOLOGICA-INTERNATIONAL JOURNAL OF ECOLOGY",2008,"no",NA,"indigenous","5;15",16,69.01,20.833,"350","Finland","1","soil sampling","yes","no","","","","SA","tundra","","LA","lemmings;reindeer","","","","1985","2000","","yes"
1235,"Indirect effects of domestic and wild herbivores on butterflies in an African savanna","Wilkerson, Marit L.; Roche, Leslie M.; Young, Truman P.","ECOLOGY AND EVOLUTION",2013,"no",NA,"domesticated and indigenous","",3,0.283,37.866,"1800","Kenya","3","collection","yes","yes","","","","SA","grassland;shrubland;forest","","LA","cattle;zebras;Grant's gazelles;giraffes;elephants;oryx;hartebeests;elands;buffalo","","","private","2007","2009","","yes"
1242,"Twice-Over Rotational Grazing and Its Impacts on Grassland Songbird Abundance and Habitat Structure","Ranellucci, Cristina L.; Koper, Nicola; Henderson, Darcy C.","RANGELAND ECOLOGY & MANAGEMENT",2012,"no",NA,"domesticated","5",2,49.61,-100.69,"430","Canada","23","bird counts","no","yes","","","","SA;P","grassland;shrubland;forest","","","cattle","","","","2008","2009","Yes","yes"
1274,"Cattle grating and avian communities of the St. Lawrence River Islands","Belanger, L; Picard, M","JOURNAL OF RANGE MANAGEMENT",1999,"no",NA,"domesticated","30",1,46.086,-72.98,"4","Canada`","3`","bird survey","no","yes","","","","SA","grassland","open","","cattle;sheep","","","","1993","1993","Yes","yes"
1302,"Conservation of small and medium-sized mammals following native woodland regrowth: A case study in a long-term UNESCO Biosphere Reserve, Argentina","Tabeni, S.; Spirito, F.; Ojeda, R. A.","JOURNAL OF ARID ENVIRONMENTS",2013,"no",NA,"domesticated","50",2,-34.04,-67.9667,"523","Argentina","6","trapping","no","yes","","","","","grassland;shrubland;forest;desert","","","cattle;rodentia;lagomorph","","","public;private","2001","2002","","yes"
1304,"Nematode community responses to a moisture gradient and grazing along a restored riparian corridor","Briar, Shabeg S.; Culman, Steven W.; Young-Mathews, Anna; Jackson, Louise E.; Ferris, Howard","EUROPEAN JOURNAL OF SOIL BIOLOGY",2012,"no",NA,"domesticated","unknown",2,38.596,-121.849,"21","USA","6","soil cores","no","yes","","","","P","grassland;wetland","","","sheep;goats","","","private","2007","2008","Yes","yes"
1316,"Effects of white-tailed deer on the native earthworm, Eisenoides carolinensis, in the southern Appalachian Mountains, USA","Rearick, Daniel; Kintz, Laura; Burke, Katherine L.; Ransom, Tami S.","PEDOBIOLOGIA",2011,"no",NA,"indigenous","3",4,31.3667,-80.5167,"1160","USA","1","electroshocking","yes","no","","","","SA","forest","","LA","white-tailed deer","","","private","2006","2009","","yes"
1318,"Vesper Sparrows and Western Meadowlarks Show a Mixed Response to Cattle Grazing in the Intermountain Region of British Columbia","Harrison, Megan L.; Mahony, Nancy A.; Robinson, Pat; Newbury, Alicia; Green, David J.","AVIAN CONSERVATION AND ECOLOGY",2010,"no",NA,"domesticated","15; >30",2,52.1417,-122.1417,"671","Canada","3","point count","yes","yes","","","","","grassland","","","mule deer;bighorn sheep;cattle","","","public;private","2007","2008","","yes"
1321,"Does Long-term Grazing by Pack Stock in Subalpine Wet Meadows Result in Lasting Effects on Arthropod Assemblages?","Holmquist, Jeffrey G.; Schmidt-Gengenbach, Jutta; Haultain, Sylvia A.","WETLANDS",2010,"no",NA,"domesticated","18",1,36.4833,-118.433,"2945","USA","10","sweep nets; baited traps","no","yes","","","","SA","grassland;wetland","","LA","cattle","","","public","2008","2008","","yes"
1354,"Influence of cattle on browsing and grazing wildlife varies with rainfall and presence of megaherbivores","Kimuyu, Duncan M.; Veblen, Kari E.; Riginos, Corinna; Chira, Robert M.; Githaiga, John M.; Young, Truman P.","ECOLOGICAL APPLICATIONS",2017,"no",NA,"domesticated","19",10,0.2833,36.8667,"1800","Kenya","3","dung surveys","yes","yes","","","","SA","grassland;shrubland;forest","","LA","plains Zebra;Grevy's zebra;hartebeest;oryx;buffalo;giraffes;steinbuck;elephant;eland;Grant's gazelle;cattle","","","private","2005","2014","","yes"
1370,"Mesoherbivores affect grasshopper communities in a megaherbivore-dominated South African savannah","van der Plas, Fons; Olff, Han","OECOLOGIA",2014,"no",NA,"indigenous","10",10,-28.4667,31.6833,"696","South Africa","8","sweep netting","yes","no","","","","SA","grassland;shrubland;forest","","LA","white rhino;cape buffalo;wildebeest;plains zebra;nyala;impala;warthog","","yes","public","2001","2010","","yes"
1373,"Termites, Large Herbivores, and Herbaceous Plant Dominance Structure Small Mammal Communities in Savannahs","Okullo, Paul; Greve, Peter M. K.; Moe, Stein R.","ECOSYSTEMS",2013,"no",NA,"indigenous","up to 2",3,-0.6,30.95,"","Uganda","2","Sherman live traps","yes","no","","","","SA","grassland;shrubland;forest","","LA","impala;African buffalo;Burchell's zebra;bushbuck;warthogs;Mus
 minutoides;Aethomys kaise_;Arvicanthis nilo","","","public","2005","2007","","yes"
1380,"Is livestock grazing compatible with amphibian diversity in the High Mountains of Crdoba, Argentina?","Verga, Ernesto G.; Leynaud, Gerardo C.; Lescano, Julian N.; Bellis, Laura M.","EUROPEAN JOURNAL OF WILDLIFE RESEARCH",2012,"no",NA,"domesticated","14",3,-31.4,-64.7667,"1820","Argentina","3","Visual and auditory surveys","no","yes","","","","","grassland;forest","","","cattle","","","","2009","2011","","yes"
1387,"Response of Rodents to Wildfire and Livestock Grazing in an Arizona Desert Grassland","Bock, Carl E.; Jones, Zach F.; Kennedy, Linda J.; Bock, Jane H.","AMERICAN MIDLAND NATURALIST",2011,"no",NA,"domesticated","39",7,31.65,-110.533,"1500","USA","6","Sherman livetraps","no","yes","","","","","grassland;shrubland;forest","","","cattle;rodents","","yes","private","2001","2007","","yes"
1399,"CONSEQUENCES OF CATTLE INTRODUCTION IN A SHRUBSTEPPE ECOSYSTEM: INDIRECT EFFECTS ON DESERT HORNED LIZARDS (PHRYNOSOMA PLATYRHINOS)","Newbold, T. A. Scott; MacMahon, James A.","WESTERN NORTH AMERICAN NATURALIST",2008,"no",NA,"domesticated","2",3,NA,NA,"1450","United states","1","scat counts; pitfall traps","no","yes","","","","","grassland;shrubland","open","","cattle;sheep;ants","","","","2001","2003","","yes"
1404,"Vegetation responses to 35 and 55 years of native ungulate grazing in shrubsteppe communities","Rexroad, Echo A.; Beard, Karen H.; Kulmatiski, Andrew","WESTERN NORTH AMERICAN NATURALIST",2007,"no",NA,"indigenous","up to 55",1,48,-120.833,"421","United states","3","sweep net","yes","no","","","","SA","shrubland;forest","","LA","elk;white-tailed deer;mule deer;moose;big horn sheep","","","public","2003","2003","","yes"
1414,"Lagomorph abundance around yellow-eyed penguin (Megadyptes antipodes) colonies, South Island, New Zealand","Moller, H; Keedwell, R; Ratz, H; Bruce, L","NEW ZEALAND JOURNAL OF ECOLOGY",1998,"no",NA,"domesticated","unknown",3,-45.4167,170.7,NA,"New Zealand","2","scat couts","yes","yes","","","","","grassland","","","sheep;cattle;lagomorphs","","","public;private","1991","1993","","yes"
1445,"Predator indices from artificial nests and tracking tunnels: do they tell the same story?","Getzlaff, Christy L.; Sievwright, Karin A.; Hickey-Elliott, Andree B.; Armstrong, Doug P.","NEW ZEALAND JOURNAL OF ECOLOGY",2013,"no",NA,"domesticated","unknown",4,-38.46666667,175.4166667,NA,"New Zealand","5","tracking tunnel/artificial nest","no","yes","","","","","forest","","","rats;livestock?","","","","2009","2012","","yes"
1466,"Effects of rotational grazing on nesting ducks in California","Carroll, L. Chantelle; Arnold, Todd W.; Beam, John A.","JOURNAL OF WILDLIFE MANAGEMENT",2007,"no",NA,"domesticated","up to 2",3,37.1,-120.8166667,NA,"USA","1","Klett et al. (1986)","no","yes","","","","P","grassland;shrubland","","","reindeer;cattle","","","public","1995","1997","","yes"
1486,"Mammal-induced trophic cascades in invertebrate food webs are modulated by grazing intensity in subalpine grassland","Vandegehuchte, Martijn L.; Schutz, Martin; de Schaetzen, Frederic; Risch, Anita C.","JOURNAL OF ANIMAL ECOLOGY",2017,"no",NA,"indigenous","5",5,46.66666667,10.25,NA,"Switzerland","1","pitfall traps; suction sampler","yes","yes","","","","","grassland","open","","cattle;sheep;red deer;chamois;alpine marmot;moutain hare","","","public","2009","2013","","yes"
1501,"The impact of grazing management on Orthoptera abundance varies over the season in Mediterranean steppe-like grassland","Fonderflick, Jocelyn; Besnard, Aurelien; Beuret, Aurore; Dalmais, Mathieux; Schatz, Bertrand","ACTA OECOLOGICA-INTERNATIONAL JOURNAL OF ECOLOGY",2014,"no",NA,"domesticated","6",1,44.28333333,3.516666667,"1050","France","1","line transect","no","yes","","","","","grassland","","","sheep;orthoptera","","","public;private","2010","2010","","yes"
1502,"Does the Aboveground Herbivore Assemblage Influence Soil Bacterial Community Composition and Richness in Subalpine Grasslands?","Hodel, Melanie; Schuetz, Martin; Vandegehuchte, Martijn L.; Frey, Beat; Albrecht, Matthias; Busse, Matt D.; Risch, Anita C.","MICROBIAL ECOLOGY",2014,"no",NA,"indigenous","5",3,46.66666667,10.25,NA,"Switzerland","1","dna extraction; soil microbial biomass carbon","yes","yes","","","","SA","grassland;forest","","LA","cattle;sheep;red deer;chamois;marmot;snow hare;rodents;invertebrates","","","public","2009","2011","","yes"
1510,"INFLUENCE OF GRAZING EXCLUSION ON SOIL MACRO-INVERTEBRATE DIVERSITY IN DEGRADED SANDY GRASSLAND (INNER MONGOLIA, CHINA)","Liu, Ren-Tao; Zhao, Ha-Lin; Zhao, Xue-Yong","POLISH JOURNAL OF ECOLOGY",2012,"no",NA,"domesticated","15",1,42.91666667,120.7,"360","China","1","soil cores","no","yes","","","","SA","grassland;desert","","LA","sheep","","","public","2008","2008","","yes"
1528,"The effect of livestock grazing on the rainbow grasshopper: Population differences and ecological correlates","DeBano, Sandra J.","WESTERN NORTH AMERICAN NATURALIST",2006,"no",NA,"domesticated","26",1,31.6,-110.5,"1500","USA","4","wire ring","no","yes","","","","","grassland","","","cattle","","","public;private","1994","1994","","yes"
1529,"The effects of livestock on California ground squirrels (Spermophilus beecheyii)","Fehmi, JS; Russo, SE; Bartolome, JW","RANGELAND ECOLOGY & MANAGEMENT",2005,"no",NA,"domesticated",">100 but not 3 years before study",4,37.58333333,-121.7,"305","USA","3","surveyed colonies","no","yes","","","","","grassland","","","cattle","","","public","1991","1994","","yes"
1553,"Rewilding with large herbivores: Direct effects and edge effects of grazing refuges on plant and invertebrate communities","van Klink, Roel; Ruifrok, Jasper L.; Smit, Christian","AGRICULTURE ECOSYSTEMS & ENVIRONMENT",2016,"no",NA,"indigenous","27",4,52.43333333,5.35,NA,"Netherlands","5","pitfall trap; soil sieving","yes","yes","","","","","grassland;shrubland","","","heck cattle;konik horses;red deer;roe deer;hare","","","public","2010","2013","","yes"
1572,"Corticosterone Metabolite Concentrations in Greater Sage-Grouse Are Positively Associated With the Presence of Cattle Grazing","Jankowski, M. D.; Russell, R. E.; Franson, J. C.; Dusek, R. J.; Hines, M. K.; Gregg, M.; Hofmeister, E. K.","RANGELAND ECOLOGY & MANAGEMENT",2014,"no",NA,"domesticated","up to 13",2,NA,NA,NA,"USA","2","fecal samples/spotlight and netting","no","yes","","","","","grassland;shrubland","","","cattle;sage grouse","","","public","2005","2006","","yes"
1586,"Fire Ants, Cattle Grazing, and the Endangered Florida Grasshopper Sparrow","Tucker, James W., Jr.; Schrott, Gregory R.; Bowman, Reed","SOUTHEASTERN NATURALIST",2010,"no",NA,"domesticated","21",2,27.58333333,-81.01666667,NA,"USA","1","survey; baited traps","no","yes","","","","","grassland","","","cattle","","","private","2005","2006","","yes"
1613,"Mammalian herbivores affect leafhoppers associated with specific plant functional types at different timescales","Vandegehuchte, Martijn L.; Trivellone, Valeria; Schuetz, Martin; Firn, Jennifer; de Schaetzen, Frederic; Risch, Anita C.","FUNCTIONAL ECOLOGY",2018,"no",NA,"indigenous","5",1,46.66666667,10.25,NA,"Switzerland","1","suction sampler","yes","no","","","","SA","grassland","open","LA","red deer;chamois;alpine marmot;moutain hare;rodents","","","public","2013","2013","","yes"
1618,"Impacts of contrasting conservation grazing management on plants and carabid beetles in upland calcareous grasslands","Lyons, Ashley; Ashton, Paul A.; Powell, Ian; Oxbrough, Anne","AGRICULTURE ECOSYSTEMS & ENVIRONMENT",2017,"no",NA,"domesticated","at least 10",1,54.18333333,-2.35,"300","UK","3","pitfall trap","no","yes","","","","","grassland","","","cattle;sheep","","","public","2013","2013","","yes"
1649,"Elk, sagebrush, and saprotrophs: indirect top-down control on microbial community composition and function","Peschel, Anna R.; Zak, Donald R.; Cline, Lauren C.; Freedman, Zachary","ECOLOGY",2015,"no",NA,"indigenous","up to 80",1,43.48333333,-110.7333333,"2000","USA","4","soil cores","yes","no","","","","SA","grassland","","LA","elk;moose;mule deer;American bison;pronghorn;bighorn sheep","","yes","public","2013","2013","","yes"
1656,"Grazing Protection Influences Soil Mesofauna in Ungrazed and Grazed Riparian and Upland Pastures","Miller, Jim J.; Battigelli, Jeffrey P.; Willms, Walter D.","RANGELAND ECOLOGY & MANAGEMENT",2014,"no",NA,"domesticated","11",1,50.1,-112.5833333,NA,"Canada","2","soil cores","no","yes","","","","","grassland;wetland","","","cattle","","","","2012","2012","","yes"
1657,"Fertilisation, cattle grazing and voles: collapse of meadow vole populations in young forests?","Sullivan, Thomas P.; Sullivan, Druscilla S.","WILDLIFE RESEARCH",2014,"no",NA,"domesticated","up to 15",10,50.06666667,-119.5666667,"1230","Canada","1","traps","yes","yes","","","","","forest","","LA","cattle;meadow vole","yes","","public;private","1993","2002","","yes"
1660,"Soil nematode assemblage responds weakly to grazer exclusion on a nutrient-rich seabird island","Andriuzzi, Walter S.; Keith, Aidan M.; Bardgett, Richard D.; van der Wal, Rene","EUROPEAN JOURNAL OF SOIL BIOLOGY",2013,"no",NA,"indigenous","8",9,56.18333333,-2.55,NA,"Scotland","4","soil cores","yes","no","","","","","grassland","open","","rabbits","","","","2003","2011","","yes"
1689,"Complex effects of mammalian grazing on extramatrical mycelial biomass in the Scandes forest-tundra ecotone","Vowles, Tage; Lindwall, Frida; Ekblad, Alf; Bahram, Mohammad; Furneaux, Brendan R.; Ryberg, Martin; Bjork, Robert G.","ECOLOGY AND EVOLUTION",2018,"no",NA,"indigenous","16",1,61,12,"850","Norway; Sweeden","5","soil core","no","yes","","","930;840;880;800;460","","shrubland;forest","","","reindeer","","","","2011","2011","","yes"
1697,"Grazing and the Coupling of Biodiversity in Vascular Plant and Soil Microbial Communities","Girard-Cartier, Caroline B.; Kleppel, Gary S.","NORTHEASTERN NATURALIST",2017,"no",NA,"domesticated","up to 30",2,42.68333333,-74,"unknown","USA","2","soil core","no","yes","","","","","grassland","","","sheep","","","public;private","2013","2014","","yes"
1710,"Tidal flooding diminishes the effects of livestock grazing on soil micro-food webs in a coastal saltmarsh","Yang, Zaichao; Nolte, Stefanie; Wu, Jihua","AGRICULTURE ECOSYSTEMS & ENVIRONMENT",2017,"no",NA,"domesticated","2",2,31.46666667,121.9333333,"0.38","China","6","soil core","no","yes","","","","","wetland","open","","cattle","","","","2014","2015","Yes","yes"
1712,"Long-term livestock grazing increases the recruitment success of epigeal termites: insights from a > 75-year grazing experiment in the Karoo, South Africa","Hagan, James G.; du Toit, Justin C. O.; Cramer, Michael D.","AFRICAN JOURNAL OF RANGE & FORAGE SCIENCE",2017,"no",NA,"domesticated","81",56,-31.48333333,24.05,"1 265","South Africa","1","direct measurement & photograph","no","yes","","","","","grassland;shrubland","","","sheep","","","private","1960","2015","","yes"
1720,"Effects of livestock grazing on an Afromontane grassland bird community in the Bale Mountains of Ethiopia","Mamo, Yosef; Asefa, Addisu; Mengesha, Girma","AFRICAN JOURNAL OF ECOLOGY",2016,"no",NA,"domesticated","unknown",1,6.883333333,39.73333333,"3056-3096","Ethiopia","2","transect","no","yes","","","","","grassland;shrubland","","","cattle;horses","","","public","2014","2014","","yes"
1722,"Large herbivore grazing limits small-mammal densities in Finnish Lapland","den Herder, Michael; Helle, Samuli; Niemela, Pekka; Henttonen, Heikki; Helle, Timo","ANNALES ZOOLOGICI FENNICI",2016,"no",NA,"domesticated","18",4,68.05,24.15,"","Finland","6","live traps: mark-recapture","no","yes","","","","","wetland;forest;tundra","","","reindeer;voles;shrews;mustelids;hares","","","public","2004","2007","","yes"
1733,"Ground-dwelling spider diversity in rare European oak and yew woodlands and the impact of grazing","Fuller, Lauren; Newman, Miles; Irwin, Sandra; Kelly, Tom; O'Halloran, John","BIODIVERSITY AND CONSERVATION",2014,"no",NA,"indigenous","6-9 years",1,52.0167,-9.566666667,"","Ireland","4","pitfall trap","yes","no","","","","","forest","","","deer","","","public","2011","2011","","yes"
1757,"Effects of plant cover improvements for nesting ducks on grassland songbirds","Lapointe, S; Belanger, L; Giroux, JF; Filion, B","CANADIAN FIELD-NATURALIST",2003,"no",NA,"domesticated","1",3,45.06666667,-73.03333333,"","Canada","4","counting","no","yes","","","","P","grassland","","","cattle","","","private","1992","1994","Yes","yes"
1763,"Effects of Grazing on the Northern Three-Toed Jerboa Pre- and Post-Hibernation","Yuan, Shuai; Fu, Heping; Wu, Xiaodong; Yang, Suwen; Malqin, Xingan; Yue, Xiuxian","JOURNAL OF WILDLIFE MANAGEMENT",2018,"no",NA,"domesticated","4",6,37.4,104.1667,"800-1500","China","1","live traps: mark-recapture","no","yes","","","","SA;P","grassland;desert","","","sheep;northern three-toed jerboa;midday gerbil;Mongolian five-toed jerboa","","","public","2006","2011","","yes"
1767,"Progressively excluding mammals of different body size affects community and trait structure of ground beetles","Wang, Xiaowei; Steiner, Magdalena; Schuetz, Martin; Vandegehuchte, Martijn L.; Risch, Anita C.","OIKOS",2018,"no",NA,"indigenous","1",5,46.65,10.18333333,"1975, 2300","Switzerland","18","pitfall trap","yes","no","","","","SA","grassland;alpine","","LA","red deer;chamois;alpine marmot;moutain hare;rodents","","","public","2009","2013","","yes"
1770,"Grazing and resource availability control soil nematode body size and abundance-mass relationship in semi-arid grassland","Andriuzzi, Walter S.; Wall, Diana H.","JOURNAL OF ANIMAL ECOLOGY",2018,"no",NA,"domesticated and indigenous","18",19,40.8679305,-104.7072222,"657","USA","3","soil cores","yes","yes","","","","","grassland","","","cattle;rodents;pronghorn;lagomorphs","","","public","1996","2014","","yes"
1774,"Red deer structure the ground-dwelling beetle community in boreal forest","Lilleeng, Marte Synnove; Rydgren, Knut; Halvorsen, Rune; Moe, Stein R.; Hegland, Stein Joar","BIODIVERSITY AND CONSERVATION",2018,"no",NA,"indigenous","10",11,61.5,5.083333333,"70","Norway","1","pitfall trap","yes","no","","","","SA","forest","","LA","red deer","","","","2001","2011","","yes"
1775,"Large decline of birds in Sahelian rangelands due to loss of woody cover and soil seed bank","Zwarts, Leo; Bijlsma, Rob G.; van der Kamp, Jan","JOURNAL OF ARID ENVIRONMENTS",2018,"no",NA,"domesticated","33",57,15.5,-14.7,"","Senegal","12","transect/count","no","yes","","","","","grassland;shrubland;forest","","","cattle;sheep;goats;camels","","","","1960","2016","","yes"
1777,"Managed grazing is an effective strategy to restore habitat for the endangered autumn buttercup (Ranunculus aestivalis)","Skopec, Michele M.; Lewinsohn, Jennifer; Sandoval, Tyson; Wirick, Clint; Murray, Sheila; Pence, Valerie; Whitham, Linda","RESTORATION ECOLOGY",2018,"no",NA,"domesticated and indigenous","1",3,NA,NA,"","USA","1","live trap, mark-recapture","yes","yes","","","","P","grassland;wetland","","","cattle;rodents;voles","","","","2013","2015","","yes"
1783,"Immediate and long-term facilitative effects of cattle grazing on a polyphagous caterpillar","Berman, Tali S.; Ben-Ari, Matan; Henkin, Zalmen; Inbar, Moshe","AGRICULTURE ECOSYSTEMS & ENVIRONMENT",2018,"no",NA,"domesticated","12",2,32.91666667,35.58333333,"","Israel","1","counting","no","yes","","","","","grassland","","","cattle","","","private","2014","2015","","yes"
1788,"Herbivore removal reduces influence of arbuscular mycorrhizal fungi on plant growth and tolerance in an East African savanna","Gonzalez, Jonathan B.; Petipas, Renee H.; Franken, Oscar; Kiers, E. Toby; Veblen, Kari E.; Brody, Alison K.","OECOLOGIA",2018,"no",NA,"domesticated and indigenous","17",2,NA,NA,"","Kenya","1","root extraction/termial restriction fragment length polymorphism","yes","yes","","","","SA","grassland","","LA","cattle;large ungulates;mega-herbivores","","","private","2011","2012","","yes"
1808,"Passive recovery of small vertebrates following livestock removal in the Australian rangelands","Haby, Nerissa A.; Brandle, Robert","RESTORATION ECOLOGY",2018,"no",NA,"domesticated","21, 13",17,NA,NA,"","Australia","8","traps","yes","yes","","","","SA","shrubland;forest","","LA","cattle;sheep;goats;rabbits;kangaroos","","","public","1997","2013","","yes"
1835,"Changes in arbuscular mycorrhiza fungi spore density and root colonization of woody plants in response to exclosure age and slope position in the highlands of Tigray, Northern Ethiopia","Birhane, Emiru; Aregawi, Kahsay; Giday, Kidane","JOURNAL OF ARID ENVIRONMENTS",2017,"no",NA,"domesticated","5-20 years",1,NA,NA,"2232 to 2937","Ethiopia","12","soil core/wet sieving","","","","","","P","grassland;shrubland;forest","","","","","","","2015","2015","","yes"
1859,"Sympatric cattle grazing and desert bighorn sheep foraging","Garrison, Kyle R.; Cain, James W., III; Rominger, Eric M.; Goldstein, Elise J.","JOURNAL OF WILDLIFE MANAGEMENT",2016,"no",NA,"domesticated and indigenous","61",2,NA,NA,"","USA","2","observation, telemetry","yes","yes","","","","SA","desert;grassland;shrubland","","LA","cattle;bighorn sheep;mule deer;javelina;oryx","","","public","2012","2013","","yes"
1860,"The impact of sheep grazing on the depth of spider burrows and of burrows selected by the pygmy bluetongue lizard (Tiliqua adelaidensis)","Clayton, Jessica; Bull, Michael","WILDLIFE RESEARCH",2016,"no",NA,"domesticated","1",3,-33.7,138.9333333,"","Australia","1","transect","no","yes","","","","SA","grassland","","LA","sheep","","","private","2012","2014","","yes"
1892,"ANIMAL MOVEMENT IN HETEROGENEOUS LANDSCAPES - AN EXPERIMENT WITH ELEODES BEETLES IN SHORTGRASS PRAIRIE","CRIST, TO; GUERTIN, DS; WIENS, JA; MILNE, BT","FUNCTIONAL ECOLOGY",1992,"no",NA,"domesticated","",NA,40.83333333,-104.7,"1647","USA","1","pitfall & tracking","no","yes","","","","","grassland;shrubland","","","cattle","","","public","1990","","","yes"
1893,"Consequences of pastoral abandonment for the structure and diversity of the alpine avifauna","Laiolo, P; Dondero, F; Ciliento, E; Rolando, A","JOURNAL OF APPLIED ECOLOGY",2004,"no",NA,"domesticated","",2,45.51666667,7.266666667,"1900-3000","Italy","1","count","no","yes","","","","SA","grassland;shrubland;forest","","LA","cattle;sheep","","","public","2001","2002","","yes"
1895,"The effects of land use on the structure of ground-foraging ant communities in the Argentine Chaco","Bestelmeyer, BT; Wiens, JA","ECOLOGICAL APPLICATIONS",1996,"no",NA,"domesticated","6",1,NA,NA,"","Argentina","4","pitfall","no","yes","","","","SA","grassland;shrubland","open","LA","cattle;goats","","","","1992","1992","","yes"
1901,"Alterations of steppe-like grasslands in Eastern Europe: a threat to regional biodiversity hotspots","Cremene, C; Groza, G; Rakosy, L; Schileyko, AA; Baur, A; Erhardt, A; Baur, B","CONSERVATION BIOLOGY",2005,"no",NA,"domesticated","3 to 30 years",1,46.55,23.6,"270-400","Romania","13","light trap & transect","no","yes","","","","SA;P","grassland","","","cattle;sheep","no","","private","2001","2001","","yes"
1914,"Effects of grassland abandonment, restoration and management on butterflies and vascular plants","Ockinger, Erik; Eriksson, Anna K.; Smith, Henrik G.","BIOLOGICAL CONSERVATION",2006,"no",NA,"domesticated","5-10 years",2,55.66666667,13.5,"","Sweden","24","transect","no","yes","","","","","grassland","","","cattle;horses;sheep","","","public;private","2003","2004","","yes"
1926,"The influence of grazing intensity and landscape composition on the diversity and abundance of flower-visiting insects","Sjodin, N. Erik; Bengtsson, Jan; Ekbom, Barbara","JOURNAL OF APPLIED ECOLOGY",2008,"no",NA,"domesticated","10",NA,59.08333333,16.46666667,"","Sweden","8","observation","no","yes","","","","","grassland;forest","","","cattle;horses","","","private","","","","yes"
1942,"Effects of grazing intensity on bird assemblages and populations of Hungarian grasslands","Baldi, A; Batary, P; Erdos, S","AGRICULTURE ECOSYSTEMS & ENVIRONMENT",2005,"no",NA,"domesticated","",1,NA,NA,"","Hungary","42","transect","no","yes","","","","","grassland;wetland","","","cattle","no","","public;private","2003","2003","","yes"
1956,"Effect of conservation management on bees and insect-pollinated grassland plant communities in three European countries","Batary, Peter; Baldi, Andras; Saropataki, Miklos; Kohler, Florian; Verhulst, Jort; Knop, Eva; Herzog, Felix; Kleijn, David","AGRICULTURE ECOSYSTEMS & ENVIRONMENT",2010,"no",NA,"domesticated","",1,NA,NA,"","Hungary","42","transect, sweepnet","no","yes","","","","","grassland;shrubland;wetland;forest","open;fenced","","cattle","yes;no","","","2003","2003","","yes"
1958,"Grassland versus non-grassland bird abundance and diversity in managed grasslands: local, landscape and regional scale effects","Batary, Peter; Baldi, Andras; Erdos, Sarolta","BIODIVERSITY AND CONSERVATION",2007,"no",NA,"domesticated","",1,NA,NA,"","Hungary","42","transect, sweepnet","no","yes","","","","SA","grassland;wetland;forest","","","cattle","no","","public","2003","2003","","yes"
1975,"Restoration of butterfly and moth communities in semi-natural grasslands by cattle grazing","Poyry, J; Lindgren, S; Salminen, J; Kuussaari, M","ECOLOGICAL APPLICATIONS",2004,"no",NA,"domesticated",">10",2,NA,NA,"","Finland","33","transec","no","yes","","","","","grassland","","","cattle","","","","1999","2000","","yes"
1991,"Relative contributions of local and regional factors to species richness and total density of butterflies and moths in semi-natural grasslands","Poeyry, J.; Paukkunen, J.; Helioelae, J.; Kuussaari, M.","OECOLOGIA",2009,"no",NA,"domesticated","2-50 years",1,NA,NA,"","Finland","48","transect","no","yes","","","","","grassland","","","cattle","","","","2000","2000","","yes"
2002,"The impact of feral horses on grassland bird communities in Argentina","Zalba, SM; Cozzani, NC","ANIMAL CONSERVATION",2004,"no",NA,"domesticated","6",1,-38,-62.86666667,"","Argentina","8","transect","yes","no","","","","SA","grassland","open","LA","horses","","","public","2001","2001","","yes"
2004,"The implications of grazing and predator management on the habitats and breeding success of black grouse Tetrao tetrix","Baines, D","JOURNAL OF APPLIED ECOLOGY",1996,"no",NA,"domesticated and indigenous","",3,NA,NA,"","UK","20","transect, sweep net","yes","yes","","","","","grassland;forest","","","sheep;red deer","","","private","1991","1993","","yes"
2012,"The distribution of ant colonies in a semiarid landscape: Implications for community and ecosystem processes","Crist, TO; Wiens, JA","OIKOS",1996,"no",NA,"domesticated","",1,NA,NA,"","USA","5","photograph","no","yes","","","","","grassland;shrubland","","","cattle","","","public","1990","1990","","yes"
2018,"Effects of local and landscape scale and cattle grazing intensity on Orthoptera assemblages of the Hungarian Great Plain","Batary, Peter; Orci, Kirill Mark; Baldi, Andras; Kleijn, David; Kisbenedek, Tibor; Erdos, Sarolta","BASIC AND APPLIED ECOLOGY",2007,"no",NA,"domesticated","",1,NA,NA,"","Hungary","42","sweepnet","no","yes","","","","","grassland;wetland","","","cattle","no","","public","2003","2003","","yes"
2020,"GRAZING INTENSITY EFFECTS ON THE BREEDING AVIFAUNA OF NORTH-DAKOTA NATIVE GRASSLANDS","KANTRUD, HA","CANADIAN FIELD-NATURALIST",1981,"no",NA,"domesticated","",NA,NA,NA,"","USA","180","transect","","","","","","","","","","","","","","","","","yes"
2073,"Pollinator behavioural responses to grazing intensity","Sjodin, N. Erik","BIODIVERSITY AND CONSERVATION",2007,"no",NA,"domesticated","",7,65.63333333,15.63333333,"","Sweden","2","observation","no","yes","","","","","grassland","","","cattle","","","private","1997","2003","","yes"
2076,"Effects of livestock grazing on pollination on a steppe in eastern Mongolia","Yoshihara, Yu; Chimeddorj, Buyanaa; Buuueibaatar, Bayarbaatar; Lhaquasuren, Badamjavin; Takatsuki, Seiki","BIOLOGICAL CONSERVATION",2008,"no",NA,"domesticated","",1,47.65,112.4166667,"","Mongolia","1","transect/observation","no","yes","","","","","grassland","","","sheep;goats;horses;cattle;diptera;hymenoptera;coleoptera;lepidoptera","","","","2005","2005","","yes"
2100,"Suppression of grasshoppers in the Great Plains through grazing management","Onsager, JA","JOURNAL OF RANGE MANAGEMENT",2000,"no",NA,"domesticated","",6,47.58333333,-104,"","USA","9","sweepnet","no","yes","","","","","grassland","","","cattle","","","","1993","1998","","yes"
2117,"Local and landscape management drive trait-mediated biodiversity of nine taxa on small grassland fragments","Kormann, Urs; Roesch, Verena; Batary, Peter; Tscharntke, Teja; Orci, Kirill Mark; Samu, Ferenc; Scherber, Christoph","DIVERSITY AND DISTRIBUTIONS",2015,"no",NA,"domesticated","5-15 years",1,51.50833333,9.15,"","Germany","30","transect, suction sampling, pan traps, box quadrat, pitfall traps","no","yes","","","","P","grassland;forest","","","cattle;horses;sheep;goats;ponies;hemiptera;diptera;hymenoptera;lepidoptera;orthoptera","","","","2011","2011","","yes"
2118,"Effects of grazing and biogeographic regions on grassland biodiversity in Hungary - analysing assemblages of 1200 species","Baldi, A.; Batary, P.; Kleijn, D.","AGRICULTURE ECOSYSTEMS & ENVIRONMENT",2013,"no",NA,"domesticated","",2,NA,NA,"","Hungary","42","pitfall, sweepnet, transect","no","yes","","","","SA","grassland","","LA","cattle","no","no","public;private","2003","2004","","yes"
2120,"Spiders are not less diverse in small and isolated grasslands, but less diverse in overgrazed grasslands: A field study (East Hungary, Nyirseg)","Horvath, Roland; Magura, Tibor; Szinetar, Csaba; Tothmeresz, Bela","AGRICULTURE ECOSYSTEMS & ENVIRONMENT",2009,"no",NA,"domesticated","",3,NA,NA,"","Hungary","8","sweepnet","no","yes","","","","","grassland","","","cattle;sheep","","","","2001","2003","","yes"
2199,"Influence of pasture management on soil biological quality","Banerjee, MR; Burton, DL; McCaughey, WP; Grant, CA","JOURNAL OF RANGE MANAGEMENT",2000,"no",NA,"domesticated","",3,49.86666667,-99.98333333,"363","Canada","8","Chloroform fumigation and direct extraction (Microbical C and N), Maximum potential activity (arylsulfatase)","yes","no","","","","P","grassland","","","cattle","yes","","","1993","1995","","yes"
2200,"Differences in mammal and bird assemblages between commercial and communal rangelands in the Succulent Karoo, South Africa","Joubert, DF; Ryan, PG","JOURNAL OF ARID ENVIRONMENTS",1999,"no",NA,"domesticated","",1,30.4,-18.13333333,"900-1500","South Africa","3","PVC live traps, ocular estimates, line-intercept","yes","yes","","","","","grassland","","","goats;sheep;feral donkeys","","","public;private","1997","1997","","yes"
2211,"Grazing intensity affects insect diversity via sward structure and heterogeneity in a long-term experiment","Jerrentrup, Jana Sabrina; Wrage-Moennig, Nicole; Roever, Klaus-Ulrich; Isselstein, Johannes","JOURNAL OF APPLIED ECOLOGY",2014,"no",NA,"domesticated","",10,51.78194444,9.703611111,"250","Germany","6","Sweep-net, ocular estimation","no","yes","","","","","grassland","","","cattle","no","","","2002","2011","","yes"
2267,"The population dynamics of a woodlouse, Armadillidium vulgare: an example of biotic compensatory mechanisms amongst terrestrial macrodecomposers?","Hassall, M; Dangerfield, JM","PEDOBIOLOGIA",1997,"no",NA,"indigenous","",NA,52.462382,0.584451,"UNKN","UK","3","Extractor, ocular estimation","","","","","","","","","","","","","","","","","yes"
2276,"Effects of management intensity on land snails in Swiss nutrient-poor pastures","Boschi, Cristina; Baur, Bruno","AGRICULTURE ECOSYSTEMS & ENVIRONMENT",2007,"no",NA,"domesticated","",1,47.25,7.133333333,"360","Switzerland","21","Quadrats","no","yes","","","","","grassland;forest","","","cattle;horses","yes","","private","2005","2005","","yes"
2282,"Relationships between earthworm populations, grassland management and badger densities in County Kilkenny, Ireland","Muldowney, J; Curry, JP; O'Keeffe, J; Schmidt, O","PEDOBIOLOGIA",2003,"no",NA,"domesticated","",2,52.654145,-7.244789,"UNKN","Ireland","20","Core extraction","","","","","","","grassland","","","","yes","","private","1999","2000","","yes"
2341,"Impact of grazing on soil microbial communities along a chronosequence of Acacia tortilis subsp raddiana in arid soils in Tunisia","Fterich, Amira; Mandhi, Mosbah; Mars, Mohamed","EUROPEAN JOURNAL OF SOIL BIOLOGY",2012,"no",NA,"indigenous","",1,34.65,9.8,"UNKN","Tunisia","2","Coring and transects","yes","no","","","","","grassland;shrubland","","","Addax nasomaculatus;Oryx leucoryx;Struthio camelus","","","public","2009","2009","","yes"
2359,"Alternative Rangeland Management Strategies and the Nesting Ecology of Greater Prairie-Chickens","McNew, Lance B.; Winder, Virginia L.; Pitman, James C.; Sandercock, Brett K.","RANGELAND ECOLOGY & MANAGEMENT",2015,"no",NA,"domesticated and indigenous","",3,37.283361,-96.675303,"UNKN","USA","2","Walk-in traps","no","yes","","","","","grassland","","","cattle;bison","","yes","public;private","2011","2013","","yes"
2366,"Short-term responses of native bees to livestock and implications for managing ecosystem services in grasslands","Kimoto, Chiho; DeBano, Sandra J.; Thorp, Robbin W.; Taylor, Robert V.; Schmalz, Heidi; DelCurto, Timothy; Johnson, Tracey; Kennedy, Patricia L.; Rao, Sujaya","ECOSPHERE",2012,"no",NA,"domesticated","0",2,45.555892,-116.958709,"1400","USA","16","Robel pole, vane traps","no","yes","","","","","grassland","","","horse;sheep;cattle","","","private","2007","2008","","yes"
2381,"Changes in spider assemblages along grassland and savanna grazing gradients in northern Australia","Churchill, TB; Ludwig, JA","RANGELAND JOURNAL",2004,"no",NA,"domesticated","",1,-16.118818,130.958083,"UNKN","Australia","11","Pitfall traps","no","yes","","","","","grassland","","","cattle","","","private","1998","1998","","yes"
2402,"Influence of livestock grazing on meadow pipit foraging behaviour in upland grassland","Vandenberghe, Charlotte; Prior, Gina; Littlewood, Nick A.; Brooker, Rob; Pakeman, Robin","BASIC AND APPLIED ECOLOGY",2009,"no",NA,"domesticated","",1,56.234187,-4.369429,"350","Scotland","3","Flushing, leaf blower, quadrat - stratified","no","yes","","","","","grassland","","LA","sheep;cattle","no","","private","2007","2007","","yes"
2409,"Long-term changes in collembolan communities in grazed and non-grazed abandoned arable fields in Denmark","Petersen, H; Jucevica, E; Gjelstrup, P","PEDOBIOLOGIA",2004,"no",NA,"domesticated","16",15,56.216667,10.533333,"UNKN","Denmark","5","Straified cores","no","yes","","","","","grassland","","","sheep;cattle","","","","1985","1999","","yes"
2433,"Bird community responses to cattle stocking rates in a Pacific Northwest bunchgrass prairie","Johnson, Tracey N.; Kennedy, Patricia L.; DelCurto, Tim; Taylor, Robert V.","AGRICULTURE ECOSYSTEMS & ENVIRONMENT",2011,"no",NA,"domesticated","",5,45.555864,-116.956839,"UNKN","USA","4","Robel pole, point count","no","yes","","","","SA","grassland","fenced","LA","cattle","","","private","2006","2010","","yes"
2444,"Is breeding of farmland wading birds depressed by a combination of predator abundance and grazing?","van der Wal, R.; Palmer, S. C. F.","BIOLOGY LETTERS",2008,"no",NA,"domesticated","",1,60.529285,-1.265202,"UNKN","UK","40","transect vegetation height, ocular survey","no","yes","","","","","grassland;wetland","","","sheep","","","private","2004","2004","","yes"
2456,"BOBWHITE HABITAT USE UNDER SHORT DURATION AND DEFERRED-ROTATION GRAZING","WILKINS, RN; SWANK, WG","JOURNAL OF RANGE MANAGEMENT",1992,"no",NA,"domesticated","",2,30.615718,-96.363543,"UNKN","USA","1","Radio collars, vertical strata","no","yes","","","","SA","grassland;shrubland","","","cattle","","","private","1985","1986","","yes"
2464,"Cattle grazing influences soil microbial biomass in sub-tropical grassland ecosystems at Nambol, Manipur, northeast India","Devi, T. Indira; Yadava, P. S.; Garkoti, S. C.","TROPICAL ECOLOGY",2014,"no",NA,"domesticated","",1,24.713084,93.83844,"UNKN","India","3","Stratified coring","no","yes","","","","","grassland","","","cattle","","","","2007","2007","","yes"
2490,"Nematode communities response to long-term grazing disturbance on Tibetan plateau","Hu, Jing; Wu, Jihua; Ma, Miaojun; Nielsen, Uffe N.; Wang, Jing; Du, Guozhen","EUROPEAN JOURNAL OF SOIL BIOLOGY",2015,"no",NA,"indigenous","",15,33.997712,102.072698,"UNKN","China","3","Soil cores, stratified quadrats","no","yes","","","","SA","alpine;grassland","open","LA","yaks","","","private","1999","2013","","yes"
2493,"Insensitivity of Soil Microbial Activity to Temporal Variation in Soil N in Subarctic Tundra: Evidence from Responses to Large Migratory Grazers","Stark, Sari; Vaisanen, Maria","ECOSYSTEMS",2014,"no",NA,"indigenous","",2,69.283331,21.300011,"615","Norway","1","Soil cores","no","yes","","","","SA","shrubland","","LA","reindeer","yes","","","2010","2011","","yes"
2496,"Impact of grazing on chemical, physical and biological properties of soils in the mountain rangelands of Sahand, Iran","Mofidi, Morteza; Rashtbari, Mehdi; Abbaspour, Hassan; Ebadi, Ali; Sheidai, Esmaeil; Motamedi, Javad","RANGELAND JOURNAL",2012,"no",NA,"indigenous","",NA,37.384191,46.511478,"1925","Iran","3","Systematic randomized coring","no","yes","","","","SA","grassland","","LA","sheep;goats","no","","private","","","","yes"
2503,"Trapping intensities for sampling ants in Australian rangelands","James, CD","AUSTRAL ECOLOGY",2004,"no",NA,"domesticated","",1,-30.536965,145.115543,"UNKN","Australia","2","Pitfall traps","yes","yes","","","","","grassland;shrubland;forest","","","sheep;goats;kangaroos","","","","1994","1994","","yes"
2522,"Grazing Intensity Influences Ground Squirrel and American Badger Habitat Use in Mixed-Grass Prairies","Bylo, Lindsey N.; Koper, Nicola; Molloy, Kelsey A.","RANGELAND ECOLOGY & MANAGEMENT",2014,"no",NA,"domesticated","",7,49.132747,-107.447211,"UNKN","Canada","9","Point-count, stratified quadrats","no","yes","","","","SA","grassland","","LA","Richardson's ground squirrel;13-lined ground squirrel;cattle","","","public","2006","2012","","yes"
2529,"Impacts of high utilisation pressure on biodiversity components in Colophospermum mopane savanna","Rutherford, M. C.; Powrie, L. W.; Thompson, D. I.","AFRICAN JOURNAL OF RANGE & FORAGE SCIENCE",2012,"no",NA,"domesticated","",NA,-23.942309,31.141104,"440","South Africa","1","Celluose based bait traps","no","yes","","","","","grassland;shrubland;forest","","","cattle;goats;donkeys;sheep","","","","2009","","","yes"
2552,"Interactive effects of large herbivores and plant diversity on insect abundance in a meadow steppe in China","Zhu, Hui; Wang, Deli; Guo, Qinfeng; Liu, Jun; Wang, Ling","AGRICULTURE ECOSYSTEMS & ENVIRONMENT",2015,"no",NA,"domesticated","UNKN",2,43.860049,125.589852,"UNKN","China","1","Sweep net","no","yes","","","","SA","grassland","fenced","","cattle;goats;sheep","","","private","2007","2008","","yes"
2662,"Benthic macroinvertebrate fauna in small streams used by cattle in the Blue Ridge Mountains, Virginia","Braccia, Amy; Voshell, J. Reese, Jr.","NORTHEASTERN NATURALIST",2006,"no",NA,"domesticated","",2,NA,NA,"","","","","no","yes","","","777;882;755;769;747","","grassland;wetland","","","cattle","","","private","2002","2003","","yes"
2728,"Restoration of semi-natural grasslands, a success for phytophagous beetles (Curculionidae)","Steiner, Magdalena; Ockinger, Erik; Karrer, Gerhard; Winsa, Marie; Jonsell, Mats","BIODIVERSITY AND CONSERVATION",2016,"no",NA,"domesticated","0",1,59.6680275,17.39559167,"24; 36; 49; 17; 23; 35; 54; 10; 9; 11; 7; 49","Sweden","8","sweep nets","no","yes","59.74256; 59.65109; 59.64554; 59.86964; 59.89996; 59.83654; 59.84206; 59.63999; 59.51482; 59.54546; 59.43390; 59.39477","18.77014; 18.02307; 17.96265; 17.80884; 17.58362; 17.58362; 17.44629; 17.27600; 17.26501; 16.87088; 16.02356; 16.13342","","SA;P","grassland;shrubland;forest","","","cattle","","","private","2013","2013","","yes"
2947,"Profitable and Sustainable Cattle Grazing Strategies Support Reptiles in Tropical Savanna Rangeland","Neilly, Heather; O'Reagain, Peter; Vanderwal, Jeremy; Schwarzkopf, Lin","RANGELAND ECOLOGY & MANAGEMENT",2018,"no",NA,"domesticated","0",3,-23.575,146.125,"350","Australia","1","Pitfall traps","no","yes","","","","SA","grassland","","LA","cattle","","yes","private","2013","2015","","yes"
2965,"Effect of different management practices on ground beetle (Coleoptera: Carabidae) assemblages of uphill grasslands","Twardowski, Jacek Piotr; Pastuszko, Karolina; Hurej, Michal; Gruss, Iwona","POLISH JOURNAL OF ECOLOGY",2017,"no",NA,"domesticated","0",3,50.902254,15.906418,"425","Poland","1","Pitfall traps","no","yes","","","","","grassland","","","cattle;coleoptera","","","private","2007","2009","","yes"
3027,"Bee diversity in tallgrass prairies affected by management and its effects on above- and below-ground resources","Buckles, Brittany J.; Harmon-Threatt, Alexandra N.","JOURNAL OF APPLIED ECOLOGY",2019,"no",NA,"domesticated and indigenous","",1,37.73,-93.98,"","USA","5","pan trap","no","yes","","","","","grassland","","","cattle;bison","","yes","","2014","2014","","yes"
3029,"Beetle responses to habitat fragmentation depend on ecological traits, habitat condition, and remnant size","Driscoll, DA; Weir, T","CONSERVATION BIOLOGY",2005,"no",NA,"domesticated","",2,-33.91,146.467,"","Australia","3","pitfall traps","no","yes","","","","","grassland;shrubland;forest","","","sheep;coleoptera","","","private","1999","2000","","yes"
3118,"Effects of fire and cattle grazing on amphibians and lizards in northeastern Argentina (Humid Chaco)","Cano, Paula D.; Leynaud, Gerardo C.","EUROPEAN JOURNAL OF WILDLIFE RESEARCH",2010,"no",NA,"domesticated","12",1,-57.9833,-28,"","Argentina","4","traps","no","yes","","","","SA","grassland;wetland","","LA","cattle","","yes","public","2006","2006","","yes"
3120,"Effects of grazing regime on the relative body mass of the endangered pygmy bluetongue lizard (Tiliqua adelaidensis)","Nielsen, Torben Peiter; Bull, Christopher Michael","AUSTRAL ECOLOGY",2019,"no",NA,"domesticated","1",3,-33.67,138.93,"","Australia","6","sweeps","no","yes","","","","SA","grassland","","LA","sheep","","","private","2013","2015","","yes"
3127,"Effects of Private-Land Use, Livestock Management, and Human Tolerance on Diversity, Distribution, and Abundance of Large African Mammals","Kinnaird, Margaret F.; O'Brien, Timothy G.","CONSERVATION BIOLOGY",2012,"no",NA,"domesticated","",3,0.2948,36.2552,"","Kenya","4","camera traps","yes","yes","","","","SA","grassland;shrubland;forest","","LA","cattle;rhinoceroses;sheep;goats;ungulates;scrub hare;aardvark;crested porcupine","","","private","2008","2010","","yes"
3147,"Experimental rewilding enhances grassland functional composition and pollinator habitat use","Garrido, Pablo; Marell, Anders; Ockinger, Erik; Skarin, Anna; Jansson, Anna; Thulin, Carl-Gustaf","JOURNAL OF APPLIED ECOLOGY",2019,"no",NA,"domesticated","1",3,59.733,17.667,"","Sweden","2","","yes","yes","","","","","grassland;forest","","LA","horses;roe deer;moose","","","private","2014","2016","","yes"
3158,"Fauna community trends during early restoration of alluvial open forest/woodland ecosystems on former agricultural land","Smith, Geoffrey C.; Lewis, Tom; Hogan, Luke D.","RESTORATION ECOLOGY",2015,"no",NA,"domesticated","",11,-24.2213,151.2643,"","Australia","5","","no","yes","","","","P","forest","","","cattle","","","","2003","2013","","yes"
3191,"Grazing and wildfire effects on small mammals inhabiting montane meadows","Horncastle, Valerie J.; Chambers, Carol L.; Dickson, Brett G.","JOURNAL OF WILDLIFE MANAGEMENT",2019,"no",NA,"domesticated","",2,34.3863,-110.6335,"2590","USA","64","trapping","yes","yes","","","","SA","grassland;shrubland;forest","","LA","voles;pocket gopher;pronghorn;mule deer;elk;cattle","","yes","public","2012","2013","","yes"
3202,"Grazing improves habitat suitability for many ground foraging birds in Mediterranean wooded grasslands","Leal, Ana I.; Acacio, Marta; Meyer, Christoph F. J.; Rainho, Ana; Palmeirim, Jorge M.","AGRICULTURE ECOSYSTEMS & ENVIRONMENT",2019,"no",NA,"domesticated","",1,38.7,-19.4883,"","Portugal","3","transects","no","yes","","","","SA","forest;grassland;shrubland","","LA","cattle;sheep;goat;pigs","","","private","2012","2012","","yes"
3208,"Grazing simplifies soil micro-food webs and decouples their relationships with ecosystem functions in grasslands","Wang, Bing; Wu, Liji; Chen, Dima; Wu, Ying; Hu, Shuijin; Li, Linghao; Bai, Yongfei","GLOBAL CHANGE BIOLOGY",2019,"no",NA,"domesticated and indigenous","10",1,46,114,"800","Mongolia","10","soil samples","no","yes","","","","","grassland","","","goat","","","","2010","2010","","yes"
3239,"Indirect effects of a large mammalian herbivore on small mammal populations: Context-dependent variation across habitat types, mammal species, and seasons","Ellis, Taylor D.; Cushman, J. Hall","ECOLOGY AND EVOLUTION",2018,"no",NA,"indigenous","1",2,38.2143777,-122.9769547,"","USA","3","trapping","yes","no","","","","SA","grassland;shrubland;coastal;wetland","","LA","tule elk;deer mice;meadow voles;harvest mice","","","public","2013","2014","","yes"
3240,"Indirect effects of grazing and nutrient addition on the hemipteran community of heather moorlands","Hartley, SE; Gardner, SM; Mitchell, RJ","JOURNAL OF APPLIED ECOLOGY",2003,"no",NA,"domesticated","1",3,56.9544,-4.0785,"","Scotland","4","suction","yes","yes","","","","","grassland","","","red deer;sheep;grouse;voles;hare;hemiptera","","","private","1993","1995","","yes"
3341,"Reciprocal facilitation between large herbivores and ants in a semi-arid grassland","Li, Xiaofei; Zhong, Zhiwei; Sanders, Dirk; Smit, Christian; Wang, Deli; Nummi, Petri; Zhu, Yu; Wang, Ling; Zhu, Hui; Hassan, Nazim","PROCEEDINGS OF THE ROYAL SOCIETY B-BIOLOGICAL SCIENCES",2018,"no",NA,"domesticated","",4,44.75,123.75,"","China","8","traps","no","yes","","","","","grassland","","","cattle;sheep;ants","","","","2010","2013","","yes"
3363,"Revegetation of farmland restores function and composition of epigaeic beetle assemblages","Gibb, H.; Cunningham, S. A.","BIOLOGICAL CONSERVATION",2010,"no",NA,"domesticated and indigenous","10",2,-35.2833,149.133,"600","Australia","20","pitfall","yes","yes","","","","SA;P","grassland;shrubland;forest","","","cattle;kangaroos;rabbits;beetles","","","private","2007","2008","","yes"
3373,"Searching for cover: soil enrichment and herbivore exclusion, not fire, enhance African savanna small-mammal abundance","Bergstrom, Bradley J.; Sensenig, Ryan L.; Augustine, David J.; Young, Truman P.","ECOSPHERE",2018,"no",NA,"domesticated","",3,0.2833,36.833,"","Kenya","6","trapping","yes","yes","","","","SA","grassland","","LA","cattle;elephant;giraffe;rodents","","yes","private","2006","2008","","yes"
3390,"Small mammal abundance and seed predation across boundaries in a restored-grazed woodland interface","Tabeni, Solana; Florencia Miguel, M.; Campos, Claudia M.; Cona, Monica","RESTORATION ECOLOGY",2018,"no",NA,"domesticated","54",2,-34.033,-69.9677,"","Argentina","6","trapping","no","yes","","","","SA","grassland;shrubland;forest","open","LA","cattle","","","public","2015","2016","","yes"
3413,"Subtle foodscape displacement of a native ungulate by free-ranging livestock in a forest agroecosystem","Wam, Hilde Karine; Herfindal, Ivar","ECOSPHERE",2018,"no",NA,"domesticated and indigenous","",1,60.2167,10.933,"","Norway","3","transects","yes","yes","","","","SA","forest","","LA","cattle;sheep;moose","","","private","2012","2012","","yes"
3456,"The value of newly created wood pastures for bird and grasshopper conservation","Roesch, Verena; Hoffmann, Malte; Diehl, Ulrich; Entling, Martin H.","BIOLOGICAL CONSERVATION",2019,"no",NA,"domesticated and indigenous","",1,49.1833,8.11667,"","Germany","24","transects","no","yes","","","","","forest;grassland","","","goats;sheep;cattle;horses;donkeys","","","private","2017","2017","","yes"
3484,"Web spider abundance is affected by sheep farming in the Karoo(</n>)","Henschel, Joh R.; Lubin, Yael","AFRICAN JOURNAL OF RANGE & FORAGE SCIENCE",2018,"no",NA,"domesticated","30",2,-33.165,22.268,"","South Africa","2","transects","yes","yes","","","","","shrubland","fenced","","sheep;steenbok;kudu;aardvark","","","","2016","2017","","yes"
3490,"Negative effects of vertebrate on invertebrate herbivores mediated by enhanced plant nitrogen content","Zhu, Yu; Zhong, Zhiwei; Pages, Jordi F.; Finke, Deborah; Wang, Deli; Ma, Quanui; Hassan, Nazim; Zhu, Hui; Wang, Ling","JOURNAL OF ECOLOGY",2018,"no",NA,"domesticated","2",1,44.75,123.75,"","China","1","transect","no","yes","","","","","grassland","","","cattle;grasshoppers;leafhoppers","","","private","2014","2014","","yes"
3491,"Ecosystem engineering strengthens bottom-up and weakens top-down effects via trait-mediated indirect interactions","Zhong, Zhiwei; Li, Xiaofei; Pearson, Dean; Wang, Deli; Sanders, Dirk; Zhu, Yu; Wang, Ling","PROCEEDINGS OF THE ROYAL SOCIETY B-BIOLOGICAL SCIENCES",2017,"no",NA,"domesticated","2",5,44.75,123.75,"","China","1","transect","no","yes","","","","","grassland","","","sheep;grasshoppers;planthoppers","","","private","2010","2014","","yes"
